年份,省份,低空经济产业规模,航空运输业就业人员数,低空经济企业个数,低空交通起降基础设施数量,互联网宽带接入端口,民用通用机场数量,航空邮路总长度,民用机场旅客吞吐量,货邮吞吐量,移动电话基站密度,公共安全财政支出,科学研究和技术服务业城镇单位就业人员,规模以上工业企业R&D经费,高技术产业有效发明专利数,低空经济政策数量
2016,北京,0.007386888273314867,0.5650367148751099,0.3333333333333333,0.038461538461538464,0.15018257179512484,0.07142857142857142,0.16382239502642804,0.6464410190794165,0.416118769883351,0.23504676496917307,0.21757836508912112,0.9616477272727272,0.07253844603402632,0.04181018825857685,0.14285714285714285
2016,天津,0.0020006155740227767,0.06488032291216729,0.4,0.0,0.04560347379848021,0.0,0.0372866796269821,0.09259814603783896,0.04856839872746553,0.1252467081233713,0.08485526970468582,0.14488636363636362,0.10035001088200818,0.01805553815899896,0.14285714285714285
2016,河北,0.0012311480455524779,0.03457007104663459,0.6333333333333333,0.15384615384615385,0.3531925392282641,0.2857142857142857,0.013166604565601711,0.060157140286691065,0.008907741251325558,0.034729066002226014,0.20131998712207688,0.21448863636363633,0.08827517787178213,0.009106053584177763,0.14285714285714285
2016,山西,0.00030778701138811946,0.04371527726060859,0.5,0.23076923076923078,0.13033652422777064,0.35714285714285715,0.016058081588261258,0.6896446017180138,0.8188759278897136,0.026512988203167956,0.10396727836801593,0.08380681818181818,0.026567334483456672,0.0006012249959292058,0.0
2016,内蒙古,0.00046168051708217917,0.032484844874067234,0.4,0.6923076923076923,0.09261817822954703,0.9285714285714286,0.05248992049884891,0.22324849890374993,0.1073170731707317,0.0013175475552320715,0.11761348669769076,0.06534090909090909,0.03544400040808627,0.0,0.0
2016,辽宁,0.0010772545398584179,0.14392528932513143,0.36666666666666664,0.3076923076923077,0.29382216520280274,0.42857142857142855,0.06527202356132622,0.3237636364848025,0.15652173913043477,0.03030093742446016,0.17247636608423333,0.17755681818181818,0.06880157348896598,0.013107957463331538,0.0
2016,吉林,0.00046168051708217917,0.04533877478067889,0.3,0.15384615384615385,0.1281456626862726,0.14285714285714285,0.027023447197430914,0.27161012148716823,0.10455991516436905,0.011751674161989283,0.1051087306465303,0.08948863636363635,0.02458827981255752,0.0016846825406766285,0.0
2016,黑龙江,0.0020006155740227767,0.06196845350690359,0.16666666666666666,0.38461538461538464,0.16803513273462944,0.7142857142857143,0.02709899724194114,0.2779410490680208,0.0941675503711559,0.005113465814156729,0.10892820557848218,0.13920454545454544,0.02389594256217884,0.006049826521537633,0.14285714285714285
2016,上海,0.0058479532163742695,0.6242496909396923,0.06666666666666667,0.038461538461538464,0.1315997236751209,0.07142857142857142,0.0517379564388088,0.7818295714295235,0.600424178154825,0.4050927463163123,0.2017590072291978,0.3110795454545454,0.14132317675337544,0.047258789784185275,0.14285714285714285
2016,江苏,0.010464758387196061,0.11678011290010278,0.2,0.3076923076923077,0.5343531037205171,0.5714285714285714,0.09365987241365675,0.2212226020778771,0.031813361611876985,0.09312086108107963,0.41950566335938194,0.29119318181818177,0.4827003848777544,0.16461039367711713,0.14285714285714285
2016,浙江,0.008925823330255463,0.11284052488121658,0.1,0.23076923076923078,0.43998815750518117,0.35714285714285715,0.11605065517963067,0.045789266745303446,0.009331919406150585,0.09539734949808343,0.3344967366172038,0.24573863636363635,0.2716528496986621,0.08600022545937347,0.14285714285714285
2016,安徽,0.006617420744844568,0.03174012124100746,0.13333333333333333,0.15384615384615385,0.2235369584525807,0.2857142857142857,0.01213494459609821,0.06487534736800016,0.015906680805938496,0.036253808535901835,0.11688178651915591,0.11079545454545453,0.10648104219081624,0.042066961433921614,0.14285714285714285
2016,福建,0.0016158818097876271,0.13395343987846112,0.4,0.19230769230769232,0.21909602289549002,0.21428571428571427,0.04148404720623973,0.0844345815256869,0.01166489925768823,0.04562539679166544,0.1433327479731905,0.10511363636363635,0.11155165155491074,0.03641795157633679,0.14285714285714285
2016,江西,0.0012311480455524779,0.020800131071359418,0.23333333333333334,0.15384615384615385,0.17698608506858776,0.35714285714285715,0.006549063645607922,0.11852829258215214,0.09565217391304348,0.02783850479603248,0.12271343694207862,0.06960227272727272,0.050582258346973975,0.01690945301050891,0.14285714285714285
2016,山东,0.003154816866728224,0.13178629410625717,0.23333333333333334,0.3076923076923077,0.43598144675811706,0.5714285714285714,0.08658356590423276,0.11858826979081281,0.03711558854718982,0.056078117819565045,0.3366479351420962,0.23437499999999997,0.41177995588188554,0.08695216503626138,0.14285714285714285
2016,河南,0.0027700831024930752,0.08244090617971671,0.16666666666666666,0.07692307692307693,0.40300009868745684,0.14285714285714285,0.012727771328340172,0.16627015067607642,0.026511134676564158,0.04658965034519214,0.2173003190212779,0.23437499999999997,0.1178188578257078,0.016558738429550208,0.14285714285714285
2016,湖北,0.00546321945213912,0.05170616184333993,0.06666666666666667,0.19230769230769232,0.2301884930425343,0.35714285714285715,0.022362491685476483,0.04715541427590848,0.012301166489925769,0.026146412472075158,0.21314426200719996,0.20596590909090906,0.12842336968203805,0.03723837318536518,0.14285714285714285
2016,湖南,0.0043090181594336715,0.06250465452270662,0.1,0.23076923076923078,0.21051021415178134,0.35714285714285715,0.010147174701601435,0.13206314933658544,0.02820784729586426,0.023920394626743554,0.19903708256504815,0.1477272727272727,0.11292641338396651,0.023666971454338215,0.14285714285714285
2016,广东,0.049707602339181284,0.963270230417492,0.0,0.2692307692307692,0.6171321425046877,0.42857142857142855,0.06403268134180737,0.21932998793791697,0.07529162248144221,0.07099615626751526,0.7351025843650306,0.440340909090909,0.4881781155636811,0.4057078798051029,0.14285714285714285
2016,广西,0.0006155740227762388,0.05684475491145236,0.1,0.23076923076923078,0.18086450212178032,0.42857142857142855,0.05979641352686576,0.368093457819362,0.1295864262990456,0.016153239280980294,0.14769368103725816,0.10795454545454546,0.022209414049694533,0.002573994513821912,0.0
2016,海南,0.0008464142813173286,0.16634891791656117,0.16666666666666666,0.11538461538461539,0.025727819994078752,0.21428571428571427,0.023837164256405922,0.1303504668226074,0.019088016967126194,0.034729066002226014,0.017312026224134403,0.011363636363636364,0.00035390284839013095,0.001039618222127585,0.14285714285714285
2016,重庆,0.0035395506309633734,0.09717898687796958,0.13333333333333333,0.07692307692307693,0.13632685285700186,0.0,0.027639421177352606,0.37308489440679216,0.08504772004241781,0.037074619412044395,0.12054028741183014,0.09659090909090907,0.06746298267729917,0.014842742087002267,0.14285714285714285
2016,四川,0.007386888273314867,0.2721220155200405,0.2,0.46153846153846156,0.3402151386558768,0.7857142857142857,0.044306082485860085,0.22670052046888853,0.049204665959703076,0.01472678154477138,0.2692363976936811,0.28125,0.07324531602138341,0.04797900722722547,0.14285714285714285
2016,贵州,0.00046168051708217917,0.07083066474031487,0.13333333333333333,0.38461538461538464,0.08405210697720321,0.5714285714285714,0.016393716679617337,0.06210973163531192,0.01166489925768823,0.02373710676119716,0.13794743465917408,0.08522727272727272,0.014302815628604765,0.006406803862870599,0.0
2016,云南,0.0008464142813173286,0.17644737038085168,0.16666666666666666,0.5,0.1393664265271884,0.7857142857142857,0.05094034086251146,0.011355684839760894,0.003393425238600212,0.01178886300427406,0.16988614745222,0.12499999999999997,0.019712210285721503,0.0021731778498691083,0.0
2016,陕西,0.0035395506309633734,0.07923114732122909,0.16666666666666666,0.11538461538461539,0.17969999013125432,0.2857142857142857,0.042997298523302044,0.022418147770513874,0.006150583244962885,0.02015900886422619,0.11294523955863846,0.24005681818181815,0.05194649344501922,0.01489910693037063,0.14285714285714285
2016,甘肃,0.00030778701138811946,0.020301166237209373,0.1,0.2692307692307692,0.0674824829764137,0.5,0.03594413926155779,0.16439086480470758,0.03690349946977731,0.005822710163444962,0.06957736997687829,0.07954545454545454,0.01291021683867004,0.0008329471297769204,0.0
2016,青海,0.0,0.01493170884284842,0.16666666666666666,0.15384615384615385,0.0,0.35714285714285715,0.019623079220490714,0.18158433128744414,0.06829268292682927,0.0,0.00698773670500776,0.01278409090909091,0.00029895916069905796,0.0004884953091924797,0.0
2016,宁夏,7.694675284702984e-05,0.02098631197962436,0.1,0.07692307692307693,0.004431066811408273,0.14285714285714285,0.013192002240139193,0.04342349907035326,0.0016967126193001062,0.010713042923893032,0.0,0.004261363636363637,0.005026747984883965,0.0005886994751806806,0.0
2016,新疆,0.00046168051708217917,0.10014298693754747,0.0,0.5769230769230769,0.1047764729102931,0.8571428571428571,0.03953421307877362,0.13166330127884737,0.029268292682926828,0.0009775352829141176,0.1752056077501683,0.07244318181818182,0.009451542401482445,8.141588486541327e-05,0.0
2017,北京,0.010464758387196061,0.6047379317535263,0.06666666666666667,0.038461538461538464,0.15353794532714893,0.07142857142857142,0.15424779321534882,0.6581698954397329,0.4337221633085896,0.25447262237121365,0.297480024585126,0.9928977272727273,0.07670287930363101,0.045010458809825016,0.14285714285714285
2017,天津,0.0029239766081871348,0.07337017232904869,0.03333333333333333,0.0,0.05261028323300108,0.0,0.029021183268012014,0.12014101308169563,0.05514316012725345,0.12302600296979468,0.1068209090643018,0.1505681818181818,0.06853200145233798,0.016420957701316432,0.14285714285714285
2017,河北,0.0018467220683287167,0.03993952844099555,0.2,0.19230769230769232,0.3813974143886312,0.35714285714285715,0.024537368498717738,0.05921083321671099,0.010604453870625663,0.039513144927574725,0.22398805865308635,0.1818181818181818,0.10064630911903513,0.009356563999148264,0.14285714285714285
2017,山西,0.000538627269929209,0.04450468431165194,0.13333333333333333,0.23076923076923078,0.15571893812296456,0.35714285714285715,0.011841746125488302,0.7257775378689432,0.895864262990456,0.030072491678996536,0.11309889659613077,0.08238636363636363,0.030837678363395096,0.001008304420256272,0.0
2017,内蒙古,0.0007694675284702985,0.03387003083155841,0.03333333333333333,0.6923076923076923,0.10183558669693081,0.9285714285714286,0.05960994958722349,0.27645494712009444,0.11961823966065749,0.001474271962003628,0.1380425556823836,0.06676136363636363,0.029677310955920456,0.0005448601525608427,0.0
2017,辽宁,0.0016158818097876271,0.14980860602630364,0.1,0.3076923076923077,0.28191058916411726,0.5,0.06882737650702246,0.3639417021531818,0.1728525980911983,0.0360439572115806,0.1757763338894255,0.15340909090909088,0.07841715744869586,0.014128787404336336,0.0
2017,吉林,0.0007694675284702985,0.04785594066042092,0.03333333333333333,0.19230769230769232,0.14792262903384978,0.2857142857142857,0.046760333719013635,0.2675849843726051,0.11558854718981973,0.013170162860565748,0.11049404396054674,0.09090909090909091,0.019949383383572643,0.002530155191202074,0.0
2017,黑龙江,0.0029239766081871348,0.0704061722694708,0.03333333333333333,0.4230769230769231,0.16530149018059806,0.7142857142857143,0.02709899724194114,0.31494032267738264,0.10392364793213149,0.00612553359347814,0.11850616091550326,0.13352272727272724,0.0221686522079482,0.004026954920650826,0.14285714285714285
2017,上海,0.008310249307479225,0.6388760630929862,0.03333333333333333,0.038461538461538464,0.15276818316391988,0.07142857142857142,0.015004881818833565,0.8425131783255697,0.6568398727465535,0.4092818037651046,0.21562472561243307,0.33096590909090906,0.15591951273165716,0.04896852336635896,0.14285714285714285
2017,江苏,0.014773776546629735,0.11257987160964567,0.03333333333333333,0.3076923076923077,0.6187210105595579,0.5714285714285714,0.09365987241365675,0.2623269824133497,0.034782608695652174,0.09361759776016913,0.47973190505458496,0.2940340909090909,0.5342642316505408,0.19162167917131154,0.14285714285714285
2017,浙江,0.012619267466912899,0.11090424343526117,0.0,0.23076923076923078,0.5124740945425837,0.35714285714285715,0.11605065517963067,0.08568077463897053,0.010604453870625663,0.09690881030237183,0.35634530394825426,0.25142045454545453,0.2992437040864565,0.10228966519283039,0.14285714285714285
2017,安徽,0.009387503847337643,0.03232845291112468,0.1,0.15384615384615385,0.25757426231126024,0.2857142857142857,0.01213494459609821,0.056245293455153715,0.018451749734888653,0.0396672129884688,0.14411566716422278,0.10795454545454546,0.1255446888826112,0.04953217180004259,0.14285714285714285
2017,福建,0.0023853493382579257,0.14251776165864846,0.06666666666666667,0.19230769230769232,0.2565479127602882,0.21428571428571427,0.12408242863494572,0.0744916931566005,0.013361611876988335,0.04819673960106997,0.19652735095267362,0.09232954545454544,0.1292512385941773,0.04451570074025828,0.14285714285714285
2017,江西,0.0018467220683287167,0.02430777938307094,0.03333333333333333,0.19230769230769232,0.1701075693279384,0.2857142857142857,0.0017759082803170273,0.15316846265085934,0.10498409331919406,0.028792132966049242,0.14217666169110546,0.06960227272727272,0.0628430928459722,0.02693613236970327,0.14285714285714285
2017,山东,0.0045398584179747615,0.14588391248007865,0.13333333333333333,0.3076923076923077,0.5264679759202605,0.5714285714285714,0.08658356590423276,0.16708983919443948,0.04093319194061506,0.06650693173456729,0.36923054409225275,0.2414772727272727,0.4552538929094016,0.09863221313426106,0.14285714285714285
2017,河南,0.0040012311480455524,0.057336272509271806,0.0,0.07692307692307693,0.41582946807460774,0.14285714285714285,0.09269411780213026,0.15896625948806123,0.029692470837751856,0.051838589799100554,0.2602511195012732,0.22443181818181818,0.13611139223006194,0.023341307914876562,0.14285714285714285
2017,湖北,0.007771622037550016,0.07765233321914237,0.06666666666666667,0.19230769230769232,0.23125431757623607,0.35714285714285715,0.021862575433504547,0.1288377083374984,0.014209968186638389,0.028861197958863823,0.2459317470073463,0.20028409090909088,0.13514161713571685,0.04191665518493931,0.14285714285714285
2017,湖南,0.006155740227762389,0.0671293882840078,0.0,0.23076923076923078,0.21452679364452779,0.42857142857142855,0.010147174701601435,0.1452714635105327,0.031813361611876985,0.026680337993449446,0.22707583340650336,0.14346590909090906,0.1330461836053124,0.02957901724764207,0.14285714285714285
2017,广东,0.06971375807940905,1.0,0.03333333333333333,0.2692307692307692,0.6138458501924405,0.42857142857142855,0.5383766899500116,0.244460438366754,0.08271474019088017,0.08134262346031551,0.843364942781046,0.4630681818181818,0.5433722224891269,0.533036060974235,0.14285714285714285
2017,广西,0.0010772545398584179,0.060426875586469864,0.03333333333333333,0.23076923076923078,0.1928550281259252,0.42857142857142855,0.05987389250868263,0.3651479104606916,0.1420996818663839,0.018613015563530493,0.16224719758831624,0.09943181818181819,0.02538930556061992,0.0033505768002304696,0.0
2017,海南,0.0013080947983995078,0.1609496715768778,0.13333333333333333,0.11538461538461539,0.03053389914141913,0.21428571428571427,0.021462642431926998,0.14394530078570145,0.022057264050901377,0.037730736843782954,0.017772997336611352,0.009943181818181816,0.000207581287343761,0.0005949622355549432,0.14285714285714285
2017,重庆,0.0050784856879039705,0.10409746942909487,0.1,0.07692307692307693,0.16510411526694957,0.0,0.02845053931479646,0.3985885363561847,0.0941675503711559,0.0467463747519637,0.12766704715075952,0.09801136363636362,0.07989408705039272,0.021568946728960255,0.14285714285714285
2017,四川,0.010464758387196061,0.2850057343719746,0.1,0.46153846153846156,0.4382315207737097,0.7857142857142857,0.04460313883108328,0.2758951598392611,0.0545068928950159,0.015927449881394155,0.29998975619750057,0.2926136363636363,0.08605982733061605,0.05364680536593309,0.14285714285714285
2017,贵州,0.0007694675284702985,0.07787575030906031,0.4,0.38461538461538464,0.10494424158689429,0.6428571428571429,0.02929637832375991,0.07813697461631247,0.013361611876988335,0.02780662864550267,0.15121315889601075,0.08380681818181818,0.016984880485490496,0.008567456191991183,0.0
2017,云南,0.0013080947983995078,0.19986892864058148,0.13333333333333333,0.5384615384615384,0.138122964571203,0.7857142857142857,0.05218900627901242,0.02184503222108932,0.004241781548250265,0.013202039011095556,0.20621506131647496,0.12926136363636362,0.0239153292917899,0.0029810739381489785,0.0
2017,陕西,0.0050784856879039705,0.09196592144655119,0.3,0.11538461538461539,0.17082798776275535,0.2857142857142857,0.031080002353303514,0.035159972543766696,0.0072110286320254515,0.02455260494558475,0.13199139520590045,0.24715909090909086,0.055440227744655776,0.01580094442426444,0.14285714285714285
2017,甘肃,0.000538627269929209,0.016912673706787413,0.1,0.2692307692307692,0.08267048258166387,0.5,0.03527704844301003,0.18113117015534097,0.041357370095440084,0.007381985193528079,0.0797187344513712,0.08238636363636363,0.011672858090221162,0.001183661710735624,0.0
2017,青海,0.00015389350569405968,0.016056241528768674,0.2,0.19230769230769232,0.004766604164610679,0.35714285714285715,0.01612237949848273,0.21888349094010945,0.07571580063626723,0.0,0.02093394210788188,0.01420454545454545,0.00045498870701069465,0.0006200132770519934,0.0
2017,宁夏,0.00023084025854108953,0.01961602049479438,0.03333333333333333,0.07692307692307693,0.015079443402743512,0.14285714285714285,0.015110973370698992,0.07253910180797964,0.0021208907741251328,0.011512603033015722,0.0023121725641701086,0.00284090909090909,0.006531982796631365,0.0005573856733093679,0.0
2017,新疆,0.0007694675284702985,0.10729233381492129,0.03333333333333333,0.7307692307692307,0.11301687555511696,0.8571428571428571,0.04399745251679703,0.12749821734407593,0.032661717921527035,0.001200668336622775,0.3767963239383031,0.07102272727272727,0.009729974436710968,0.00028808697721607776,0.0
2018,北京,0.015081563558017853,0.6181057209669492,0.16666666666666666,0.038461538461538464,0.177410441132932,0.07142857142857142,0.15424779321534882,0.6965286524454041,0.4511134676564157,0.2674223085239482,0.3329162642315685,1.0,0.07814305306954944,0.04820446660069892,0.2857142857142857
2018,天津,0.0043090181594336715,0.0655282324729293,0.16666666666666666,0.0,0.06268627257475576,0.0,0.031271610125763495,0.137374464370206,0.061505832449628844,0.14744579062150523,0.12812070126145111,0.1349431818181818,0.07196321866613978,0.014780114483259641,0.14285714285714285
2018,河北,0.0027700831024930752,0.042866292318920446,0.23333333333333334,0.23076923076923078,0.38786144281061874,0.35714285714285715,0.02462352769841451,0.07285231611987446,0.012089077412513256,0.040780221911134604,0.2641803494600053,0.20738636363636362,0.1097177780491985,0.009607074414118767,0.14285714285714285
2018,山西,0.0008464142813173286,0.0475878401525194,0.2,0.19230769230769232,0.1704332379354584,0.35714285714285715,0.012099259255925294,0.7640896459345449,0.9671261930010604,0.030919866013913933,0.13669622735387948,0.08522727272727272,0.036399535174647675,0.0014153838445833385,0.14285714285714285
2018,内蒙古,0.0012311480455524779,0.03818942790330508,0.1,0.6923076923076923,0.1081811901707293,0.9285714285714286,0.053357942286838766,0.32433675203422707,0.13297985153764583,0.0018992873024010707,0.1361108672110516,0.06107954545454545,0.028243160819413606,0.0010897203051216855,0.14285714285714285
2018,辽宁,0.0023853493382579257,0.14881067635800355,0.03333333333333333,0.19230769230769232,0.2939011151682622,0.5,0.05554632166122653,0.4159086213905383,0.1885471898197243,0.03819825371822014,0.2144320543214213,0.12926136363636362,0.08591853520771915,0.01514335458496687,0.14285714285714285
2018,吉林,0.0012311480455524779,0.04736442306260147,0.16666666666666666,0.23076923076923078,0.1247902891542485,0.2857142857142857,0.046760333719013635,0.30964900004664897,0.12598091198303288,0.014729437890648863,0.11491351303889719,0.08522727272727272,0.014833889208086015,0.0033756278417275197,0.14285714285714285
2018,黑龙江,0.0043090181594336715,0.03383279464990542,0.0,0.46153846153846156,0.18267048258166385,0.7142857142857143,0.02709899724194114,0.36424158819648533,0.11346765641569459,0.006686022573627267,0.1359425761699886,0.11221590909090907,0.015730562003746874,0.0019978205593897567,0.14285714285714285
2018,上海,0.012003693444136657,0.6800220438195386,0.0,0.038461538461538464,0.1588473305042929,0.07142857142857142,0.015004881818833565,0.9254350013661475,0.7104984093319194,0.4846928068809983,0.25660725261216966,0.3636363636363636,0.16027100016313509,0.05067825694853263,0.14285714285714285
2018,江苏,0.021237303785780242,0.11123936907013807,0.0,0.15384615384615385,0.6779137471627357,0.5714285714285714,0.07858522736223289,0.27852082875174106,0.037539766702014844,0.09981219634646187,0.5594945415166682,0.29119318181818177,0.5900080386211725,0.21863296466550597,0.14285714285714285
2018,浙江,0.01815943367189905,0.10270483623527309,0.06666666666666667,0.23076923076923078,0.5633869535182079,0.35714285714285715,0.11605065517963067,0.10298086727043723,0.012089077412513256,0.1009358306526376,0.40449117569584697,0.21732954545454544,0.3335279219054576,0.11857910492628732,0.14285714285714285
2018,安徽,0.013542628501077257,0.035575447951265285,0.06666666666666667,0.15384615384615385,0.3070956281456627,0.2857142857142857,0.01213494459609821,0.07079309862252345,0.020784729586426298,0.04175244450229375,0.16581057745778094,0.11363636363636363,0.14343580394443045,0.0569911194057893,0.14285714285714285
2018,福建,0.0035395506309633734,0.19464096873650188,0.1,0.19230769230769232,0.29436494621533604,0.21428571428571427,0.18817972937652566,0.09569030435101328,0.015058324496288442,0.04926724698969603,0.20295899552199492,0.09090909090909091,0.15151770167776502,0.052613449904179765,0.14285714285714285
2018,江西,0.0027700831024930752,0.031092211680245462,0.13333333333333333,0.15384615384615385,0.17472614230731273,0.2857142857142857,0.0017759082803170273,0.17774578993315876,0.11622481442205727,0.029429655976645406,0.17500073170017857,0.06818181818181818,0.07631874134450509,0.03696281172889763,0.14285714285714285
2018,山东,0.006617420744844568,0.06079179016666915,0.23333333333333334,0.3076923076923077,0.5970689825323202,0.5714285714285714,0.08745801748324476,0.1874021205275329,0.04559915164369035,0.06987252196133953,0.42696168817865204,0.22727272727272727,0.4128016336082964,0.11030599847188646,0.14285714285714285
2018,河南,0.0058479532163742695,0.06593038323478158,0.13333333333333333,0.15384615384615385,0.44592914240600023,0.21428571428571427,0.09044144051752102,0.1816709650332874,0.03329798515376458,0.05247611280969672,0.2917654461907689,0.18039772727272724,0.1526824552231607,0.030123877400202913,0.14285714285714285
2018,湖北,0.01123422591566636,0.07065193106838052,0.06666666666666667,0.19230769230769232,0.26636731471429986,0.35714285714285715,0.048326630812008664,0.14875680574714945,0.015906680805938496,0.031719426123036625,0.26894371762226715,0.20596590909090906,0.15168662646956454,0.04659493718451345,0.14285714285714285
2018,湖南,0.008925823330255463,0.06596761941643456,0.03333333333333333,0.23076923076923078,0.2525313332675417,0.5,0.0779608946539824,0.16446417028195953,0.03499469777306469,0.028810727387191627,0.2617657388708403,0.14062499999999997,0.14911409809702728,0.03548480028057167,0.14285714285714285
2018,广东,0.0997229916897507,0.9838320499262724,0.0,0.2692307692307692,0.7783381032270799,0.42857142857142855,0.536737093239364,0.265892294261514,0.09056203605514317,0.09494311435303367,0.9468932010419411,0.5184659090909091,0.6141854835151246,0.6603579793829929,0.2857142857142857
2018,广西,0.0016158818097876271,0.06380792088056123,0.03333333333333333,0.23076923076923078,0.2465113984012632,0.42857142857142855,0.07398278294858,0.3883324336752034,0.15588547189819724,0.01972868083207378,0.18435185998185386,0.08238636363636363,0.024074487616485223,0.004127159086639027,0.14285714285714285
2018,海南,0.0020006155740227767,0.18829592338283263,0.1,0.11538461538461539,0.045781111220763844,0.21428571428571427,0.023512459809787493,0.1667233118081796,0.02481442205726405,0.0399833181478894,0.026355840430825072,0.009943181818181816,0.0013448483684341819,0.00015030624898230144,0.14285714285714285
2018,重庆,0.007386888273314867,0.11086700725360818,0.16666666666666666,0.15384615384615385,0.19574657061087533,0.0,0.02974710667441242,0.43052973203516004,0.10392364793213149,0.05093543220075599,0.14478883132847487,0.09801136363636362,0.0855114138858869,0.028295151370918245,0.14285714285714285
2018,四川,0.015081563558017853,0.3859902590148796,0.23333333333333334,0.5384615384615384,0.5070857593999802,0.7857142857142857,0.060565738022665655,0.2975402680314814,0.060445387062566275,0.017404378189275267,0.3416454473614892,0.2713068181818181,0.09813857862405158,0.059314603504640705,0.14285714285714285
2018,贵州,0.0012311480455524779,0.09105735861421826,0.2,0.38461538461538464,0.12564887002861938,0.6428571428571429,0.02929637832375991,0.08943268224741266,0.014846235418875928,0.030221247048135638,0.16190329850440485,0.07670454545454546,0.020309689993327516,0.010721845760737503,0.14285714285714285
2018,云南,0.0020006155740227767,0.20058386332831887,0.26666666666666666,0.5384615384615384,0.16780815158393367,0.7857142857142857,0.05192538484710439,0.02780276828138641,0.004878048780487805,0.015428056856427159,0.2377879240202535,0.1221590909090909,0.029312735171922424,0.0037889700264288487,0.14285714285714285
2018,陕西,0.007386888273314867,0.08853274549814563,0.1,0.23076923076923078,0.1951445771242475,0.2857142857142857,0.03159020627091089,0.04290369659529379,0.008059384941675502,0.025713428094045265,0.1522155881406035,0.22301136363636362,0.061342712026857434,0.016702781918158247,0.14285714285714285
2018,甘肃,0.0008464142813173286,0.026527055809589063,0.16666666666666666,0.3076923076923077,0.08544360011842494,0.5714285714285714,0.0392885950617276,0.20460891527886071,0.046023329798515374,0.008569371800763432,0.09469663710597946,0.07386363636363635,0.011943014945238629,0.0015343762916943272,0.14285714285714285
2018,青海,0.00030778701138811946,0.01782868377545093,0.03333333333333333,0.15384615384615385,0.009197670976018946,0.35714285714285715,0.016492413971807295,0.23938236803348065,0.08271474019088017,7.172133869206844e-05,0.01884859659905757,0.01278409090909091,0.0,0.0007515312449115071,0.14285714285714285
2018,宁夏,0.00046168051708217917,0.019608573258463786,0.06666666666666667,0.07692307692307693,0.023290239810520082,0.14285714285714285,0.016648979383196576,0.08275521968318705,0.0027571580063626725,0.013512831478761186,0.005099950244387865,0.0,0.008836430419433796,0.000526071871438055,0.14285714285714285
2018,新疆,0.0012311480455524779,0.11426294702036074,0.0,0.7692307692307693,0.13978091384585017,0.9285714285714286,0.05748844003946606,0.14308562746156464,0.036055143160127257,0.0015991202182453772,0.3698963912547195,0.07386363636363635,0.011142632497404648,0.0004947580695667422,0.14285714285714285
2019,北京,0.021237303785780242,0.6004930070450856,0.43333333333333335,0.038461538461538464,0.17743017862429683,0.14285714285714285,0.15424779321534882,0.7012801801981914,0.4585365853658536,0.3515965966896617,0.3506234085521117,0.9602272727272728,0.0814109012662517,0.059621478762979574,0.2857142857142857
2019,天津,0.006155740227762389,0.06532715709200315,1.0,0.0,0.08195006414684693,0.0,0.030600339943051343,0.13885390218383684,0.06447507953340402,0.22292320238433602,0.1110940381069453,0.13920454545454544,0.060429401148016045,0.018688076956799478,0.14285714285714285
2019,河北,0.0040012311480455524,0.041644945560702425,0.9,0.19230769230769232,0.40300009868745684,0.35714285714285715,0.010529747267419188,0.07768381348420934,0.01357370095440085,0.0510496550734878,0.27149735124535374,0.21448863636363633,0.12626550678855725,0.025126194621541392,0.14285714285714285
2019,山西,0.0013080947983995078,0.036692533400854946,0.9666666666666667,0.23076923076923078,0.18612454357051217,0.35714285714285715,0.017935259077177104,0.7917924522014967,1.0,0.037701517039130626,0.13964497907337492,0.09090909090909091,0.03839616363815052,0.0020667109235066447,0.14285714285714285
2019,内蒙古,0.0018467220683287167,0.05423822219574316,0.43333333333333335,0.7307692307692307,0.1095924208033159,0.9285714285714286,0.01990566853591408,0.36959955217017537,0.14634146341463414,0.002640407802219111,0.1372889044984927,0.08096590909090909,0.032630205208971544,0.002361060661096985,0.14285714285714285
2019,辽宁,0.003462603878116344,0.13569609317982098,0.5,0.2692307692307692,0.29690121385571894,0.5,0.06378802779341468,0.44765655717494024,0.20106044538706255,0.04950631811866959,0.24045131267012032,0.12073863636363635,0.08873934822750756,0.016959555093503012,0.14285714285714285
2019,吉林,0.0018467220683287167,0.02717496537035106,0.26666666666666666,0.19230769230769232,0.14057041350044408,0.2857142857142857,0.047000486413690826,0.3249298599865385,0.1357370095440085,0.0178479879508151,0.11764275470483217,0.09232954545454544,0.018023225536001407,0.002974811177774716,0.14285714285714285
2019,黑龙江,0.006155740227762389,0.07991629306364408,0.3,0.46153846153846156,0.1893713609000296,0.7142857142857143,0.02709899724194114,0.39797543600098634,0.12322375397667021,0.008651718522965438,0.14080106535545997,0.10369318181818181,0.018923144073723842,0.004120896326264764,0.14285714285714285
2019,上海,0.01692828562634657,0.6157896304681333,0.23333333333333334,0.038461538461538464,0.17432152373433335,0.07142857142857142,0.014607520733664874,1.0,0.7537645811240721,0.6899778726388405,0.25749260982819683,0.4957386363636364,0.17073152973197686,0.058882473038816587,0.2857142857142857
2019,江苏,0.02985534010464759,0.1241752185763863,0.13333333333333333,0.3076923076923077,0.6895095233395836,0.5714285714285714,0.07503823314486545,0.2801135568483976,0.039872746553552496,0.131528966123621,0.5792870313460358,0.36931818181818177,0.6431208353803195,0.2548630334306149,0.2857142857142857
2019,浙江,0.025546321945213914,0.07955137848344479,0.03333333333333333,0.23076923076923078,0.5943156024869239,0.35714285714285715,0.2382665154808471,0.11591595193826346,0.01357370095440085,0.1344243831300786,0.43994936634764553,0.23721590909090906,0.3706153204698045,0.14208950737126896,0.14285714285714285
2019,安徽,0.019082794706063406,0.028828251835743755,0.06666666666666667,0.15384615384615385,0.3176847922629034,0.2857142857142857,0.016542566341780043,0.08140240042117329,0.02332979851537646,0.05255845953189872,0.17219100301460474,0.1321022727272727,0.16660467104389584,0.06098049776419455,0.14285714285714285
2019,福建,0.0050784856879039705,0.20586395388671264,0.06666666666666667,0.19230769230769232,0.29309187802230335,0.21428571428571427,0.18817972937652566,0.10316079889641937,0.016542948038176034,0.060835633286138904,0.19860537945971263,0.09375,0.17303088943479086,0.06297205556321005,0.14285714285714285
2019,江西,0.0040012311480455524,0.03431686501139427,0.13333333333333333,0.23076923076923078,0.207964077765716,0.2857142857142857,0.014623595211220242,0.19723171861359354,0.12598091198303288,0.03722868747293847,0.18601281938712794,0.07244318181818182,0.09165376143053128,0.04609391635457244,0.14285714285714285
2019,山东,0.009387503847337643,0.14604030444302118,0.06666666666666667,0.34615384615384615,0.656567650251653,0.5714285714285714,0.08793092861292369,0.21546479004644906,0.05026511134676564,0.09258427921382786,0.418371528082653,0.24005681818181815,0.35211239764983715,0.0687337951075316,0.14285714285714285
2019,河南,0.008310249307479225,0.06884225264004527,0.03333333333333333,0.11538461538461539,0.4431658936149216,0.21428571428571427,0.13968946038300337,0.20414909001246195,0.03690349946977731,0.06710992224875616,0.3185529897269295,0.2315340909090909,0.17601387259398038,0.032153011761463984,0.14285714285714285
2019,湖北,0.01585103108648815,0.05852783032216744,0.06666666666666667,0.19230769230769232,0.27633474785354784,0.35714285714285715,0.04560715069919155,0.16369113070366598,0.017603393425238596,0.042007453706532215,0.28645330289460597,0.22301136363636362,0.16952209606162535,0.07510928516853088,0.14285714285714285
2019,湖南,0.012619267466912899,0.04910707636396133,0.0,0.2692307692307692,0.26997927563406693,0.5,0.09504902876399163,0.1736740038785262,0.038388123011664894,0.039722996251895966,0.2591243012263295,0.17187499999999997,0.17146199714134924,0.038296779688615556,0.14285714285714285
2019,广东,0.13973530317020622,0.9516599889780902,0.0,0.3076923076923077,0.8167176551860258,0.5,1.0,0.2897099102341111,0.0975609756097561,0.1107589977075735,0.9991073257821876,0.6534090909090908,0.674905276234434,0.7694677906233952,0.2857142857142857
2019,广西,0.0023853493382579257,0.06335363946439476,0.06666666666666667,0.23076923076923078,0.2724563308003553,0.42857142857142855,0.06939898492889134,0.42756419227360276,0.16712619300106044,0.02610125459215793,0.18347381976761204,0.08664772727272728,0.02856913858970636,0.004859902050427746,0.14285714285714285
2019,海南,0.0029239766081871348,0.1848329584891047,0.0,0.07692307692307693,0.05249185828481201,0.21428571428571427,0.04834881359103507,0.18214411856827742,0.027571580063626724,0.05574076189312457,0.032114320835894286,0.011363636363636364,0.0011824443016772797,0.0,0.14285714285714285
2019,重庆,0.010464758387196061,0.11161917812299856,0.0,0.15384615384615385,0.2029014112306326,0.07142857142857142,0.0480395406428698,0.45010229446143807,0.11198303287380701,0.06898795878413735,0.15163022799777567,0.08948863636363635,0.09623777265366402,0.024405977178501195,0.14285714285714285
2019,四川,0.021237303785780242,0.266022728965281,0.0,0.5384615384615384,0.5528273956380144,0.9285714285714286,0.06636637399329566,0.32063149336585434,0.06574761399787911,0.021776723503613954,0.33966253987765976,0.19886363636363635,0.11143293342184754,0.06518907273569899,0.14285714285714285
2019,贵州,0.0018467220683287167,0.11159683641400676,0.0,0.38461538461538464,0.14780420408566072,0.6428571428571429,0.02929637832375991,0.10179465136581434,0.01633085896076352,0.03745713321840209,0.15997161003307286,0.04971590909090909,0.024635182247393327,0.009463030925510728,0.14285714285714285
2019,云南,0.0029239766081871348,0.19377708932215254,0.0,0.5384615384615384,0.1804894897858482,0.7857142857142857,0.05966331685270731,0.03430696335392551,0.0057264050901378585,0.01832613020876222,0.23516843738109874,0.11505681818181816,0.03596706197563173,0.00340067888322457,0.14285714285714285
2019,陕西,0.010464758387196061,0.09214465511848553,0.0,0.15384615384615385,0.20334550478634167,0.2857142857142857,0.028345733721135462,0.05493245899891375,0.00911983032873807,0.03178583476997373,0.16424473907571632,0.16477272727272727,0.06843313790359742,0.024299510252138733,0.14285714285714285
2019,甘肃,0.0013080947983995078,0.027569668895872743,0.0,0.34615384615384615,0.11284910687851574,0.5714285714285714,0.03944933983728128,0.23063235970331278,0.05047720042417816,0.00944065324857819,0.09501858518453478,0.0752840909090909,0.012802493291328947,0.0010020416598820097,0.14285714285714285
2019,青海,0.000538627269929209,0.017493558140574034,0.0,0.23076923076923078,0.011852363564590943,0.35714285714285715,0.017437914741614026,0.26018113117015534,0.08865323435843055,0.0005126747543544148,0.020590043023970495,0.007102272727272727,0.000760146942638176,0.0004509187469469043,0.14285714285714285
2019,宁夏,0.0007694675284702985,0.019928804420679486,0.0,0.07692307692307693,0.025441626369288463,0.14285714285714285,0.016648979383196576,0.09001912606542847,0.0031813361611876985,0.018315504825252283,0.0038853279480200163,0.0014204545454545435,0.010176337072476923,0.0009519395768879091,0.14285714285714285
2019,新疆,0.0018467220683287167,0.0700710466345939,0.0,0.8076923076923077,0.15363663278397316,0.9285714285714286,0.07058013753965975,0.14734400927647495,0.03923647932131495,0.0019178817235434588,0.3700939503029239,0.0752840909090909,0.010925313983876148,3.757656224557536e-05,0.14285714285714285
2020,北京,0.030470914127423827,0.6156853691595049,0.0,0.038461538461538464,0.17979867758807855,0.21428571428571427,0.45145813193352496,0.3173993882324717,0.2549310710498409,0.39692182639717144,0.32527731436766477,0.8082386363636364,0.08498700723604566,0.07029948520109723,0.2857142857142857
2020,天津,0.008925823330255463,0.06383026258955302,0.06666666666666667,0.0,0.09793743215237342,0.0,0.018044565524553604,0.06869389631939864,0.037539766702014844,0.25178174399732234,0.10597945385898676,0.14346590909090906,0.06491487047252244,0.02730563523178476,0.14285714285714285
2020,河北,0.0058479532163742695,0.04641862404861556,0.13333333333333333,0.19230769230769232,0.4279088127898944,0.35714285714285715,0.0001375975278739478,0.04992103000859673,0.008483563096500531,0.058928376946105386,0.2685925015365704,0.2045454545454545,0.13997125208242864,0.01853777070781718,0.14285714285714285
2020,山西,0.0020006155740227767,0.03891925706370366,0.13333333333333333,0.23076923076923078,0.203306029803612,0.35714285714285715,0.024032308413928085,0.39095143845338776,0.6040296924708378,0.04278576304863503,0.14453273626598764,0.09375,0.04368809752174143,0.0049413179352931595,0.14285714285714285
2020,内蒙古,0.0027700831024930752,0.049911377887665885,0.0,0.7307692307692307,0.11636238034145858,0.9285714285714286,0.03386763825095539,0.24157486821674432,0.0941675503711559,0.0028874479688251243,0.14099862440366437,0.07102272727272727,0.03584930879291116,0.002123075766875008,0.14285714285714285
2020,辽宁,0.0050784856879039705,0.09139248424909516,0.16666666666666666,0.2692307692307692,0.3003059311161551,0.5,0.046525646346705266,0.3131276781489701,0.13679745493107104,0.0532756729188194,0.2351903883864548,0.13068181818181815,0.09607121637634186,0.017773713942157144,0.14285714285714285
2020,吉林,0.0027700831024930752,0.020613950163094474,0.06666666666666667,0.19230769230769232,0.13707687752886608,0.2857142857142857,0.04321976929266833,0.19220029722038962,0.08568398727465537,0.019548049312404867,0.12312318904205813,0.08522727272727272,0.020723975340430825,0.004358881220486742,0.14285714285714285
2020,黑龙江,0.008925823330255463,0.05812567956031517,0.1,0.46153846153846156,0.18408171321425046,0.6428571428571429,0.033638094711464735,0.23658343162931422,0.0784729586426299,0.0091564242396874,0.14840343021043698,0.06107954545454545,0.020670932312505542,0.004553026792088881,0.14285714285714285
2020,上海,0.024315173899661438,0.6062199317833152,0.06666666666666667,0.038461538461538464,0.2032764235665647,0.07142857142857142,0.01511000890204567,0.6427290962767481,0.4979851537645811,0.7444409321648952,0.2775997307343343,0.4375,0.18370230451487693,0.06817640943422222,0.2857142857142857
2020,江苏,0.0427823945829486,0.1255380628248857,0.0,0.3076923076923077,0.6871311556301194,0.5714285714285714,0.07543913061509631,0.19665193892987334,0.024390243902439025,0.15135327540728422,0.6022038809377471,0.359375,0.6944475382961743,0.3177223593070882,0.2857142857142857
2020,浙江,0.036626654355186215,0.10643590163690254,0.13333333333333333,0.23076923076923078,0.5693575446560742,0.35714285714285715,0.1319325604938851,0.06670798429929961,0.007847295864262992,0.1490289727644857,0.46135891357157505,0.2599431818181818,0.4061935659391945,0.16883775692974434,0.14285714285714285
2020,安徽,0.02739304401354263,0.028902724199049733,0.13333333333333333,0.15384615384615385,0.3238428895687358,0.2857142857142857,0.014428772543249186,0.04899471534150357,0.014422057264050901,0.057488637480509044,0.17440073755377997,0.13920454545454544,0.18499253084573425,0.08405250698297782,0.14285714285714285
2020,福建,0.007386888273314867,0.19577294865875275,0.06666666666666667,0.19230769230769232,0.30670087831836573,0.21428571428571427,0.05212502985834206,0.06498197351673031,0.010180275715800637,0.06790416966612388,0.2064272543682501,0.10085227272727272,0.19303144442744247,0.07642446484712602,0.14285714285714285
2020,江西,0.0058479532163742695,0.02862717645481762,0.3333333333333333,0.23076923076923078,0.22408960821079643,0.35714285714285715,0.01836701954431428,0.14045995854908472,0.08080593849416755,0.04041098983416432,0.18670793455673607,0.08238636363636363,0.0991999070372688,0.05438581109009607,0.14285714285714285
2020,山东,0.013542628501077257,0.15137252565572915,0.3333333333333333,0.34615384615384615,0.6409355570906938,0.5714285714285714,0.03174291380768688,0.09852256142665787,0.03138918345705196,0.09628456902116309,0.4172373928059239,0.2727272727272727,0.3973393862816402,0.08797299497726618,0.14285714285714285
2020,河南,0.012003693444136657,0.0713892074651097,0.1,0.11538461538461539,0.46109740451988557,0.21428571428571427,0.15520840399405758,0.13722785341570207,0.022693531283138918,0.0772890396512749,0.3123115872040273,0.2428977272727272,0.19848894039709344,0.04147199919836667,0.14285714285714285
2020,湖北,0.02277623884272084,0.04801233262336347,0.06666666666666667,0.19230769230769232,0.29203592223428404,0.35714285714285715,0.06268146075850316,0.09245819921763063,0.010816542948038178,0.04515256722547329,0.2728948985863553,0.22443181818181818,0.17666989262237273,0.08478524994676653,0.14285714285714285
2020,湖南,0.01815943367189905,0.05630855389564932,0.26666666666666666,0.2692307692307692,0.29410835882759306,0.5,0.08068969796378163,0.1006617485355565,0.023966065747613997,0.044613329012344036,0.26418766646179065,0.17045454545454544,0.19233419470259222,0.0443278179290304,0.14285714285714285
2020,广东,0.19975377039088954,0.8920225204426637,0.0,0.3076923076923077,0.8280864502121781,0.5,0.8961048647477384,0.2226220702799603,0.061505832449628844,0.12258504955413232,1.0,0.6605113636363635,0.729029077784384,0.8256572767012789,0.2857142857142857
2020,广西,0.0035395506309633734,0.014544452553657338,0.03333333333333333,0.23076923076923078,0.30533899141419124,0.5,0.08191135825798958,0.3128211279713709,0.10922587486744433,0.029009953328002932,0.18544209324787078,0.10369318181818181,0.031159591645881002,0.005467389806731215,0.14285714285714285
2020,海南,0.0043090181594336715,0.18653837560881156,0.03333333333333333,0.07692307692307693,0.05823546827198262,0.21428571428571427,0.04763607125623007,0.13031714615112924,0.017179215270413575,0.06024326815545997,0.03203383381625545,0.017045454545454544,0.0014417235346505335,0.00011272968673672608,0.14285714285714285
2020,重庆,0.015081563558017853,0.11102339921655074,0.13333333333333333,0.15384615384615385,0.20789499654593904,0.14285714285714285,0.01625869106815225,0.31228133309342454,0.07380699893955463,0.07672589432524829,0.14920098340503996,0.09090909090909091,0.10696018389731221,0.02860202662925711,0.14285714285714285
2020,四川,0.030470914127423827,0.2779010709125843,0.13333333333333333,0.5384615384615384,0.5943452087239712,0.9285714285714286,0.08493239556974538,0.2038292115662715,0.04178154825026511,0.025110437579856395,0.34074545614189133,0.2713068181818181,0.12306529283859764,0.0782344025952879,0.14285714285714285
2020,贵州,0.0027700831024930752,0.08404950922712581,0.06666666666666667,0.38461538461538464,0.14628441725056746,0.6428571428571429,0.02961979681217391,0.07101301505427937,0.010180275715800637,0.04077225287350215,0.1553253138993766,0.059659090909090905,0.028827394390498036,0.011241654871801295,0.14285714285714285
2020,云南,0.0043090181594336715,0.19676343109072222,0.0,0.5384615384615384,0.19301292805684397,0.7857142857142857,0.04114423275071925,0.02513045042883704,0.002969247083775186,0.021022321274408496,0.23961717446659062,0.11789772727272725,0.040461771430691816,0.004189786690381653,0.14285714285714285
2020,陕西,0.015081563558017853,0.09822159996425327,0.0,0.15384615384615385,0.2283923813283332,0.2857142857142857,0.026819301332477744,0.02937550397515611,0.005090137857900319,0.03643709640144823,0.1621813445722481,0.17329545454545453,0.0765031345827062,0.028464245901023335,0.14285714285714285
2020,甘肃,0.0020006155740227767,0.027949477948733224,0.03333333333333333,0.34615384615384615,0.11826704825816638,0.5714285714285714,0.034144762244009925,0.10653951498430597,0.031813361611876985,0.010314591042270432,0.09853806304328738,0.08522727272727272,0.013264207409818592,0.001152347908864311,0.14285714285714285
2020,青海,0.0009233610341643584,0.01789570890242631,0.03333333333333333,0.2692307692307692,0.01486233099773019,0.42857142857142855,0.014496606838532837,0.12951745003565313,0.05620360551431601,0.0008075291467551405,0.01745104925805602,0.009943181818181816,0.0010521760054219681,0.000626276037426256,0.14285714285714285
2020,宁夏,0.0012311480455524779,0.017262693814325505,0.03333333333333333,0.07692307692307693,0.028402250074015593,0.14285714285714285,0.022342559333307827,0.04962780809958883,0.0014846235418875928,0.019914625043497662,0.0049462932068955415,0.00568181818181818,0.0112804157099647,0.0017535729047935167,0.14285714285714285
2020,新疆,0.0027700831024930752,0.0733105944384039,0.0,0.8076923076923077,0.165952827395638,0.9285714285714286,0.09972573726395031,0.08977921723078565,0.02481442205726405,0.002188829003046828,0.302162905727749,0.07670454545454546,0.009480578634519824,0.0004509187469469043,0.14285714285714285
2021,北京,0.05817174515235457,0.5790077302313111,0.13333333333333333,0.038461538461538464,0.17453863613934667,0.07142857142857142,0.4397832388850614,0.36461477971704087,0.27656415694591724,0.43577088485537513,0.3188164017912021,0.8508522727272727,0.0896944151393574,0.08992071345366183,0.2857142857142857
2021,天津,0.01723607263773469,0.0635770565543127,0.0,0.0,0.10759893417546629,0.0,0.022248362894833375,0.08096923169195706,0.043266171792152704,0.2850790395715845,0.11287206954078498,0.14630681818181815,0.07149167959870698,0.028752332878239414,0.14285714285714285
2021,河北,0.01138811942136042,0.044512131547982545,0.0,0.19230769230769232,0.46879502615217605,0.35714285714285715,0.0001375975278739478,0.03644615046282414,0.00911983032873807,0.06160331724473179,0.26601691690812773,0.20312499999999997,0.16480790426499572,0.02106166313864499,0.14285714285714285
2021,山西,0.004078177900892582,0.04322375966278914,0.03333333333333333,0.15384615384615385,0.21874074805092272,0.35714285714285715,0.019461048486732607,0.4160885530165204,0.6441145281018027,0.04702529106909952,0.13810840869845173,0.08948863636363635,0.05247961388886363,0.005154251788018087,0.14285714285714285
2021,内蒙古,0.00554016620498615,0.04909962912763074,0.06666666666666667,0.7307692307692307,0.14683706700878316,0.9285714285714286,0.03201939482163921,0.24281439719573233,0.10201484623541889,0.0030441723755966813,0.13782304562882314,0.06534090909090909,0.043277379566813906,0.002292170296980097,0.14285714285714285
2021,辽宁,0.009926131117266852,0.09310534860513263,0.03333333333333333,0.2692307692307692,0.2972268824632389,0.5,0.0326575515805873,0.3255496244760325,0.14634146341463414,0.05614718281237962,0.2369025668042263,0.13352272727272724,0.10541573701255058,0.02245199594173128,0.14285714285714285
2021,吉林,0.00554016620498615,0.0047513367789213425,0.06666666666666667,0.15384615384615385,0.1461462548110135,0.2857142857142857,0.02644058664127328,0.18442991663167999,0.09056203605514317,0.020541522670583887,0.09941610325752921,0.07954545454545454,0.023121292123481713,0.0051855655898894,0.14285714285714285
2021,黑龙江,0.01723607263773469,0.059697046426071286,0.0,0.46153846153846156,0.19719727622619165,0.6428571428571429,0.022590749266762706,0.26906442218623594,0.08568398727465537,0.010056925492154482,0.14801562911581354,0.06676136363636363,0.02397679370452361,0.005473652567105477,0.14285714285714285
2021,上海,0.04647583871960603,0.5918691073742535,0.0,0.038461538461538464,0.20509227277213068,0.07142857142857142,0.015163376167529491,0.6194712675849843,0.5261930010604454,0.8324191076271658,0.28704598003921916,0.4900568181818181,0.20221783017113745,0.0703057479614715,0.2857142857142857
2021,江苏,0.08156355801785166,0.12590297740508496,0.03333333333333333,0.3076923076923077,0.7107569327938419,0.5714285714285714,0.038794787111226706,0.21266585364228263,0.026935312831389183,0.1639895127464757,0.6196549301958031,0.36789772727272724,0.7923880681726305,0.34395079975449977,0.2857142857142857
2021,浙江,0.06986765158510311,0.10567628353118158,0.2,0.23076923076923078,0.5897167669989145,0.35714285714285715,0.0871886092394168,0.07753053839540974,0.008695652173913045,0.15683331695253375,0.48883425527555835,0.28977272727272724,0.4634360577556115,0.2145120683392412,0.2857142857142857
2021,安徽,0.05232379193598031,0.02591638243048005,0.2,0.15384615384615385,0.3579196684101451,0.35714285714285715,0.01231497874471833,0.0534463570509873,0.01569459172852598,0.0618503574113378,0.18110311118915914,0.13352272727272724,0.21414540591089398,0.11126420080914864,0.2857142857142857
2021,福建,0.014312096029547555,0.18478082783479052,0.23333333333333334,0.19230769230769232,0.3241290831935261,0.21428571428571427,0.051471763090491916,0.07176606222968605,0.011240721102863203,0.072619183598658,0.20145901015599849,0.09943181818181819,0.22365847120694907,0.09335896889913198,0.14285714285714285
2021,江西,0.01138811942136042,0.029640000595778905,0.1,0.23076923076923078,0.23488601598736805,0.42857142857142855,0.02211012238785721,0.12620537529072287,0.088016967126193,0.04343391144274113,0.1690227412415489,0.08238636363636363,0.11435392583175284,0.05628342748349763,0.14285714285714285
2021,山东,0.026008002462296096,0.15391948048079357,0.23333333333333334,0.34615384615384615,0.6685877824928452,0.6428571428571429,0.051215214428708244,0.15767341743470817,0.03414634146341463,0.10116427639810123,0.4198276114379373,0.3025568181818182,0.455739789268296,0.10691158234903617,0.14285714285714285
2021,河南,0.023084025854108958,0.07864281565111188,0.0,0.11538461538461539,0.529833218197967,0.21428571428571427,0.14543897951500728,0.14693083295014564,0.025026511134676563,0.08237859835253428,0.2862045248339041,0.2428977272727272,0.2214244064773198,0.046619988226010496,0.14285714285714285
2021,湖北,0.043551862111418906,0.05061886533907267,0.03333333333333333,0.19230769230769232,0.33609000296062375,0.42857142857142855,0.04490276709271534,0.10553989483996083,0.012089077412513256,0.04915302411696422,0.2720827113881816,0.22727272727272727,0.20960548999432754,0.09716046444630935,0.2857142857142857
2021,湖南,0.0347799322868575,0.05972683537139368,0.0,0.2692307692307692,0.32081318464423175,0.5714285714285714,0.0779605731644313,0.10845878566144866,0.02629904559915164,0.047373272379049924,0.25316094477127055,0.17187499999999997,0.22203896288189848,0.047772336134874804,0.2857142857142857
2021,广东,0.3798091720529394,0.8894681183812687,0.0,0.3076923076923077,0.8952432645810717,0.5714285714285714,0.8616360410362123,0.22950612100735057,0.06638388123011665,0.13249056333127024,0.9847806362864753,0.7130681818181818,0.8466454714836559,0.9220161078196826,0.42857142857142855
2021,广西,0.007002154509079717,0.018595749117502496,0.06666666666666667,0.23076923076923078,0.32734629428599626,0.5,0.052018616816925524,0.3519395962867444,0.11876988335100742,0.03225069529853342,0.16605935551848275,0.10653409090909091,0.03808697015563567,0.008987061137066774,0.14285714285714285
2021,海南,0.008464142813173285,0.18161575239428648,0.0,0.11538461538461539,0.08228560150004934,0.21428571428571427,0.04775437941103757,0.12820461557941315,0.018663838812301166,0.0639940285344674,0.02999239031814324,0.025568181818181816,0.0021588278438234303,0.0010208299410047973,0.14285714285714285
2021,重庆,0.02893197907048323,0.10827536901056019,0.06666666666666667,0.11538461538461539,0.23190565479127603,0.14285714285714285,0.015764561628100245,0.298113383580906,0.08080593849416755,0.08091760811991806,0.15495214680832384,0.09801136363636362,0.12215543238825415,0.027518569084509687,0.14285714285714285
2021,四川,0.05817174515235457,0.30095771459211484,0.03333333333333333,0.5769230769230769,0.6361689529260831,1.0,0.030275635496432914,0.20081035873034916,0.04559915164369035,0.02582233827502211,0.3442356659935025,0.3011363636363636,0.13842633734295542,0.08965141475756855,0.2857142857142857
2021,贵州,0.00554016620498615,0.08874126811540238,0.03333333333333333,0.38461538461538464,0.17594986677193328,0.6428571428571429,0.019325058406614196,0.08002292462197698,0.011240721102863203,0.04409002887447968,0.1557350659993561,0.059659090909090905,0.03341801406143184,0.012437842103285444,0.14285714285714285
2021,云南,0.008464142813173285,0.19222806416538823,0.0,0.5384615384615384,0.21412217507154843,0.7857142857142857,0.07080678767319044,0.025543626755166374,0.003393425238600212,0.022908326847422146,0.22987824509029184,0.11789772727272725,0.04962885816753415,0.004590603354334456,0.14285714285714285
2021,陕西,0.02893197907048323,0.09953976079476906,0.0,0.15384615384615385,0.2646402842198757,0.2857142857142857,0.03081798836915102,0.029462137720999353,0.0057264050901378585,0.040185200434578176,0.16703983375771947,0.17329545454545453,0.09149925241203227,0.031896238586119216,0.14285714285714285
2021,甘肃,0.004078177900892582,0.029811287031382652,0.03333333333333333,0.3076923076923077,0.13425441626369286,0.5714285714285714,0.026177286698916356,0.1644908268191421,0.03499469777306469,0.01131337709220442,0.09667222758802355,0.08948863636363635,0.01682031259069254,0.0022295426932374715,0.14285714285714285
2021,青海,0.0020006155740227767,0.01991390994801829,0.03333333333333333,0.2692307692307692,0.01737886114674825,0.42857142857142855,0.018361875711496563,0.14781049867716936,0.06108165429480382,0.000919095673609469,0.023758304797026376,0.011363636363636364,0.002069438352992345,0.00028808697721607776,0.14285714285714285
2021,宁夏,0.0026161895967990153,0.017493558140574034,0.03333333333333333,0.07692307692307693,0.03300108556202507,0.14285714285714285,0.020132318669444767,0.06291609188508367,0.0016967126193001062,0.021914853489243127,0.0018438844499078083,0.007102272727272727,0.01315434927535592,0.0015531645728171148,0.14285714285714285
2021,新疆,0.00554016620498615,0.07765978045547298,0.03333333333333333,0.8076923076923077,0.19632882660613835,0.9285714285714286,0.08763740865276268,0.09374437713668807,0.027147401908801695,0.0023800859062256775,0.26967541780080195,0.08096590909090909,0.013863207645237234,0.0003256635394616531,0.14285714285714285
2022,北京,0.0920283164050477,0.580065237790256,0.0,0.038461538461538464,0.18279877627553537,0.07142857142857142,0.40924044557165823,0.13330934244986906,0.11346765641569459,0.4810961145628849,0.33437966458863816,0.8678977272727272,0.10006994135528913,0.10691158234903617,0.42857142857142855
2022,天津,0.02739304401354263,0.06447817215031502,0.0,0.0,0.11429981249383205,0.0,0.024241598111698973,0.01909274475699235,0.022693531283138918,0.3139402375304483,0.1031624081716276,0.13920454545454544,0.08123109885240795,0.028846274283853352,0.2857142857142857
2022,河北,0.01815943367189905,0.04512280492709156,0.03333333333333333,0.19230769230769232,0.4993091878022303,0.35714285714285715,0.0001375975278739478,0.02587683346994809,0.00657476139978791,0.06709132782761376,0.27666315450580975,0.18465909090909088,0.18395342553131702,0.023792226661823464,0.2857142857142857
2022,山西,0.006617420744844568,0.03941077466152311,0.03333333333333333,0.15384615384615385,0.2465212671469456,0.35714285714285715,0.024391090752963893,0.1726877120027723,0.27656415694591724,0.0497374202100107,0.15444727368513478,0.08806818181818181,0.05717672898852063,0.005761739544321555,0.14285714285714285
2022,内蒙古,0.008925823330255463,0.049181548727267314,0.0,0.7307692307692307,0.14574163623803413,0.9285714285714286,0.029125988861673013,0.14403859866584032,0.05874867444326617,0.003538252708808708,0.15327655339947907,0.06107954545454545,0.047979231695425645,0.003187745030499643,0.14285714285714285
2022,辽宁,0.01585103108648815,0.0922489164271139,0.0,0.2692307692307692,0.31403335636040663,0.5,0.0313940976447354,0.21145298120047717,0.08759278897136798,0.05937729939940018,0.2578072409049668,0.12499999999999997,0.10787021979317254,0.023892430827811666,0.14285714285714285
2022,吉林,0.008925823330255463,0.021745930085345328,0.0,0.15384615384615385,0.1548110135201816,0.2857142857142857,0.02370599651955412,0.11226400634425585,0.05259809119830329,0.021532339682885426,0.11517692510316974,0.07102272727272727,0.025098212207259288,0.006419329383619124,0.14285714285714285
2022,黑龙江,0.02739304401354263,0.0609556293659423,0.0,0.46153846153846156,0.19109839139445375,0.6428571428571429,0.02333049672386073,0.1485968665240542,0.04984093319194061,0.01050584794544928,0.16003014604735563,0.0625,0.026675321199073027,0.005342134599245964,0.2857142857142857
2022,上海,0.07356109572176055,0.5875422630661762,0.0,0.038461538461538464,0.22447448929241098,0.07142857142857142,0.024140650392651262,0.368293381848231,0.28504772004241774,0.9329671117816908,0.30359703807767735,0.5269886363636364,0.22200363985117424,0.07839097160464446,0.42857142857142855
2022,江苏,0.12896275777162206,0.11708544958965728,0.0,0.3076923076923077,0.734511003651436,0.5714285714285714,0.03335325496918362,0.12112730495744951,0.014846235418875928,0.18108841115984028,0.6469839318640794,0.3806818181818182,0.8733987197331263,0.37811415759610206,0.42857142857142855
2022,浙江,0.11049553708833487,0.11031591176514395,0.0,0.15384615384615385,0.6115168262113886,0.35714285714285715,0.0953361189331305,0.03168129444144559,0.004241781548250265,0.17345141676207373,0.5036438668891036,0.3039772727272727,0.5150158700704306,0.2431829853326152,0.2857142857142857
2022,安徽,0.08279470606340412,0.02350347785936639,0.0,0.15384615384615385,0.3927760781604658,0.35714285714285715,0.01020118494618747,0.027282965806326935,0.008695652173913045,0.07000268290933626,0.20765651066818863,0.1477272727272727,0.23798552755779753,0.1161554166614477,0.2857142857142857
2022,福建,0.02277623884272084,0.1876629082947318,0.03333333333333333,0.15384615384615385,0.3418533504391592,0.21428571428571427,0.054807538672781826,0.025010496011515625,0.0057264050901378585,0.08311440616059734,0.21642227880703604,0.09517045454545454,0.24615459247208318,0.11532246953167077,0.2857142857142857
2022,江西,0.01815943367189905,0.031114553389237253,0.0,0.15384615384615385,0.241103325767295,0.42857142857142855,0.01603943519429703,0.052066881251790986,0.048144220572640506,0.04868816358840451,0.19442737144027863,0.08664772727272728,0.12658946693540632,0.06525170033944161,0.2857142857142857
2022,山东,0.041243459526008004,0.16084541026824944,0.03333333333333333,0.34615384615384615,0.7082107964077766,0.6428571428571429,0.05214174731499964,0.08326169388965526,0.019088016967126194,0.10755544457932778,0.41811543302016574,0.3096590909090909,0.503508427861672,0.11304282475543921,0.2857142857142857
2022,河南,0.036626654355186215,0.07729486587527369,0.0,0.11538461538461539,0.5888088423961315,0.21428571428571427,0.1459073897909707,0.07737726330661016,0.013785790031813362,0.08969417489912525,0.30395557116515937,0.23721590909090906,0.24526414799227023,0.05356538948106768,0.2857142857142857
2022,湖北,0.06894429055093874,0.04996350854198007,0.0,0.19230769230769232,0.37540708575939996,0.5,0.028516766162324576,0.049787747322684046,0.006362672322375398,0.05329692368583927,0.28768987619632985,0.23011363636363633,0.2299466139760893,0.11395718777008154,0.2857142857142857
2022,湖南,0.05509387503847338,0.05717243330999866,0.0,0.23076923076923078,0.3420309878614428,0.5714285714285714,0.023260733491270433,0.04622909960881532,0.014422057264050901,0.052640806254100725,0.28542892264465713,0.16477272727272727,0.24916240117190588,0.05303305484925536,0.2857142857142857
2022,广东,0.5998768851954448,0.8701053039217147,0.0,0.23076923076923078,0.9503602092174085,0.5714285714285714,0.8176147982926333,0.12984399261613921,0.03329798515376458,0.1449063239626305,0.9654564345713702,0.7258522727272727,0.9389210118258758,0.969707028069692,0.5714285714285714
2022,广西,0.01123422591566636,0.018744693844114448,0.0,0.19230769230769232,0.3526991019441429,0.5,0.029277088950693468,0.23552383427630838,0.06447507953340402,0.034710471581083625,0.16829104106301404,0.11079545454545453,0.04204902702156293,0.009550709570750405,0.14285714285714285
2022,海南,0.013542628501077257,0.19028433548310222,0.0,0.11538461538461539,0.07722293496496595,0.21428571428571427,0.0441054730059691,0.06223635018692896,0.010180275715800637,0.06999737021758128,0.03496795153218018,0.026988636363636364,0.002387638038705094,0.0007953705675313452,0.2857142857142857
2022,重庆,0.0458602646968298,0.10968289667704315,0.03333333333333333,0.11538461538461539,0.23751110233889275,0.14285714285714285,0.015764561628100245,0.18450988624322762,0.043478260869565216,0.08704048536751872,0.1465961307694559,0.10085227272727272,0.13818176629247744,0.033681125292784046,0.2857142857142857
2022,四川,0.0920283164050477,0.3106242273492307,0.06666666666666667,0.5769230769230769,0.6090792460278299,1.0,0.04688603613349661,0.08040944441112377,0.02332979851537646,0.027843817487787446,0.3663037433781134,0.32954545454545453,0.15301945682009505,0.09089144131167254,0.2857142857142857
2022,贵州,0.008925823330255463,0.08813059473629337,0.06666666666666667,0.34615384615384615,0.20963189578604563,0.6428571428571429,0.026534461590196626,0.02964873348127712,0.0057264050901378585,0.04831096247380178,0.14635466971053943,0.056818181818181816,0.03654509647178773,0.014285356413692898,0.14285714285714285
2022,云南,0.013542628501077257,0.18884701887129687,0.06666666666666667,0.5384615384615384,0.23617882167176554,0.7857142857142857,0.07194486068411048,0.0,0.0008483563096500529,0.025065279699939165,0.24921708080896773,0.11363636363636363,0.05611230103783918,0.004903741373047585,0.14285714285714285
2022,陕西,0.0458602646968298,0.1117681228496105,0.03333333333333333,0.19230769230769232,0.2709562814566269,0.2857142857142857,0.03009238645230172,0.005857774045862575,0.0021208907741251328,0.04225183752726074,0.19678344601516085,0.17187499999999997,0.10165278156731972,0.03530944299009231,0.2857142857142857
2022,甘肃,0.006617420744844568,0.0329018901085807,0.0,0.3076923076923077,0.14725155432744497,0.5714285714285714,0.02467207262063172,0.09206501529418822,0.018663838812301166,0.012123562584837046,0.10657944800538532,0.09375,0.019073588604416006,0.0033380512794819444,0.14285714285714285
2022,青海,0.0033856571252693134,0.01909471395165254,0.0,0.23076923076923078,0.019520378959834207,0.42857142857142855,0.018361875711496563,0.08714688418401008,0.031813361611876985,0.0009908170123015376,0.021811982322123686,0.00852272727272727,0.0023830764552671977,0.0005761739544321555,0.14285714285714285
2022,宁夏,0.0043090181594336715,0.018253176246295,0.0,0.07692307692307693,0.03962301391493142,0.14285714285714285,0.016923531459842257,0.0331607322550764,0.0,0.023915081934988588,0.003951180964088154,0.004261363636363637,0.015478300591447306,0.0023861117025940353,0.14285714285714285
2022,新疆,0.008925823330255463,0.07584265479080714,0.0,0.9230769230769231,0.2061284910687852,1.0,0.08926832514553028,0.05828451854961781,0.01357370095440085,0.0025739991552820108,0.3325504141423011,0.078125,0.016768907054257782,1.252552074852512e-05,0.14285714285714285
2023,北京,0.1535857186826716,0.5932245043864222,0.0,0.038461538461538464,0.18258166387052208,0.07142857142857142,0.4668516946196473,0.5951938263459885,0.2608695652173913,0.5312771445344354,0.3221163695963942,0.890625,0.12697293235338436,0.1060848979796335,0.8571428571428571
2023,天津,0.0458602646968298,0.06283978015758353,0.0,0.0,0.12386262706010065,0.0,0.021867397776771158,0.1032674250451495,0.052810180275715796,0.34501682795113375,0.11270377849972196,0.13068181818181815,0.08457146452940498,0.02615955008329471,0.42857142857142855
2023,河北,0.030470914127423827,0.04281416166460626,0.0,0.19230769230769232,0.5149807559459193,0.35714285714285715,0.0,0.06130337138554016,0.012725344644750796,0.07623447033791375,0.2884874293909328,0.19034090909090906,0.20373066762194803,0.025163771183786966,0.42857142857142855
2023,山西,0.01123422591566636,0.04034167920284782,0.0,0.2692307692307692,0.25324188295667627,0.35714285714285715,0.0262055777794138,0.6263753107152615,0.7312831389183457,0.05448431029307463,0.1642520560775017,0.09517045454545454,0.061644799965940175,0.00658216115334995,0.2857142857142857
2023,内蒙古,0.015081563558017853,0.051914684460596675,0.0,0.6923076923076923,0.15104115266949572,0.9285714285714286,0.023985049449915304,0.34549537842286604,0.12407211028632026,0.004101398034835319,0.1707202856557497,0.06107954545454545,0.05415500161102846,0.0039455390357854125,0.2857142857142857
2023,辽宁,0.026623576485072332,0.0844218710436557,0.03333333333333333,0.2692307692307692,0.34131056942662585,0.5,0.02487268210052271,0.4734800775705233,0.1647932131495228,0.06386386758647068,0.246912225246583,0.10795454545454546,0.1127101183026196,0.015105778022721294,0.2857142857142857
2023,吉林,0.015081563558017853,0.029155930234290056,0.0,0.19230769230769232,0.16398894700483568,0.2857142857142857,0.021801813908345256,0.27860079836328866,0.10201484623541889,0.021816568691776218,0.12229636784031375,0.06534090909090909,0.028335942256903644,0.007546626250986385,0.2857142857142857
2023,黑龙江,0.0458602646968298,0.06260891583133499,0.06666666666666667,0.46153846153846156,0.1919964472515543,0.6428571428571429,0.02283186643009322,0.3522128257928654,0.0973488865323436,0.011292126325184549,0.1678520209558931,0.05397727272727272,0.029021495613964422,0.004271202575247066,0.42857142857142855
2023,上海,0.12280701754385966,0.6674138727118366,0.1,0.038461538461538464,0.2268133820191454,0.07142857142857142,0.02110900392570891,0.9225361029475466,0.6610816542948038,1.0,0.30154827757777974,0.5213068181818182,0.23517360377752913,0.08613800618760725,0.7142857142857143
2023,江苏,0.2151431209602955,0.045845186851159535,0.06666666666666667,0.3076923076923077,0.7645218592716866,0.5714285714285714,0.022918668608892207,0.29420820088366423,0.03414634146341463,0.1922370948076407,0.6162598413674014,0.4034090909090909,0.9634654302592228,0.4184463344063529,0.7142857142857143
2023,浙江,0.18436441982148355,0.1101967559838544,0.03333333333333333,0.23076923076923078,0.6602881673739267,0.35714285714285715,0.09154543563602367,0.1020212319318659,0.010180275715800637,0.18301957461277116,0.5133974302689731,0.3323863636363636,0.532419948377496,0.23252376717562032,0.5714285714285714
2023,安徽,0.13819636811326563,0.027748402567807088,0.0,0.19230769230769232,0.4375703148129873,0.35714285714285715,0.01011020340322409,0.07938983186389173,0.019088016967126194,0.07550131887572815,0.21852225831943103,0.13778409090909088,0.269072923373498,0.11405112917569547,0.5714285714285714
2023,福建,0.03816558941212681,0.192287642056033,0.03333333333333333,0.19230769230769232,0.3524129083193526,0.21428571428571427,0.04615625485248291,0.08005624529345516,0.01293743372216331,0.08804192776333018,0.21139549858050166,0.09375,0.2662439521371764,0.1435236794969751,0.42857142857142855
2023,江西,0.030470914127423827,0.0,0.06666666666666667,0.23076923076923078,0.2538537451889865,0.42857142857142855,0.019161420225100555,0.16597692876706854,0.09968186638388123,0.053780378635541366,0.20860040389849857,0.08238636363636363,0.13956696712978534,0.0667422373085161,0.42857142857142855
2023,山东,0.06894429055093874,0.0798567151729993,0.0,0.34615384615384615,0.7298036119609198,0.6428571428571429,0.04392415289914455,0.2106866057564792,0.043478260869565216,0.11882632013749245,0.42859337957678467,0.33096590909090906,0.5446321259864899,0.12177311271716122,0.42857142857142855
2023,河南,0.06124961526623576,0.0769522930040662,0.03333333333333333,0.15384615384615385,0.6279186815355768,0.2857142857142857,0.16625349901190187,0.19415288856901047,0.031813361611876985,0.09001293640442333,0.31507009687710363,0.22159090909090903,0.26535303980265185,0.050571790022170174,0.42857142857142855
2023,湖北,0.11511234225915666,0.051579558825719775,0.0,0.2692307692307692,0.4114378762459292,0.5,0.031500189196600824,0.15351499763423235,0.01357370095440085,0.05829616662726419,0.2759680393362016,0.21448863636363633,0.25990937478791193,0.12061450204792264,0.5714285714285714
2023,湖南,0.0920283164050477,0.05616705640536797,0.0,0.34615384615384615,0.38679561827691705,0.6428571428571429,0.03015443393566544,0.13494205535229947,0.03329798515376458,0.05590279899165109,0.2776729007521878,0.16193181818181815,0.2734645293464938,0.05024612648270852,0.5714285714285714
2023,广东,1.0,0.8666125500826644,0.03333333333333333,0.3076923076923077,1.0,0.5714285714285714,0.9347241185640605,0.2859846591628515,0.08080593849416755,0.15008088573196937,0.9608979424590981,0.6661931818181819,1.0,1.0,1.0
2023,广西,0.018928901200369348,0.0202043521649116,0.0,0.2692307692307692,0.3786736405802823,0.5,0.025959638272816676,0.5604736866657337,0.14358430540827147,0.03840013600490892,0.18382503585330878,0.11079545454545453,0.04339878786446869,0.008010070518681814,0.2857142857142857
2023,海南,0.02277623884272084,0.2095577831066891,0.0,0.11538461538461539,0.0868745682423764,0.21428571428571427,0.049053197197511285,0.14591788453720922,0.02332979851537646,0.07375078694246619,0.035845991746421994,0.021306818181818177,0.0036003759329571216,0.00035071458095870336,0.42857142857142855
2023,重庆,0.07663896583564174,0.10900519817095876,0.0,0.15384615384615385,0.2449718740748051,0.14285714285714285,0.013104557082237992,0.4066521388539022,0.09310710498409333,0.09381151100922547,0.15242046419059327,0.09090909090909091,0.14419647722361914,0.02708017585831131,0.42857142857142855
2023,四川,0.1535857186826716,0.32379094118172747,0.03333333333333333,0.6153846153846154,0.6385374518898648,1.0,0.046848743345568156,0.2796270750448163,0.05259809119830329,0.031177531564029883,0.39423273919278845,0.3792613636363636,0.1652260201725501,0.08694590227588712,0.5714285714285714
2023,贵州,0.015081563558017853,0.09079670534264735,0.03333333333333333,0.38461538461538464,0.23292213559656572,0.7142857142857143,0.026849199860730727,0.10494012275335374,0.01293743372216331,0.052080317273951605,0.16045453215090588,0.04971590909090909,0.03492169910444713,0.005555068451970891,0.2857142857142857
2023,云南,0.02277623884272084,0.2043447176752707,0.03333333333333333,0.5384615384615384,0.2842198756538044,0.7857142857142857,0.07512567830276665,0.032747555928747084,0.004029692470837752,0.027291297545270772,0.2354611174525127,0.10085227272727272,0.05946889542514411,0.006337913498753711,0.2857142857142857
2023,陕西,0.07663896583564174,0.09755879593083007,0.0,0.15384615384615385,0.2975328135793941,0.2857142857142857,0.02852737531751112,0.03369386299872715,0.006998939554612937,0.04703326010673197,0.19584686978663624,0.17471590909090906,0.10812932358062896,0.025508223004371406,0.42857142857142855
2023,甘肃,0.01123422591566636,0.0316060709870567,0.0,0.3076923076923077,0.16741340175663671,0.5714285714285714,0.02264636695910428,0.25307049987671354,0.044538706256627786,0.012686707910863657,0.10928673866596424,0.07244318181818182,0.02089480079199615,0.00315643122862833,0.14285714285714285
2023,青海,0.0058479532163742695,0.020129879801605625,0.0,0.23076923076923078,0.019816441330306918,0.42857142857142855,0.018314938237034888,0.23014587789973145,0.0702014846235419,0.0012484825624174871,0.02721192963971084,0.00852272727272727,0.002459453736932489,0.0009832533787592218,0.14285714285714285
2023,宁夏,0.007386888273314867,0.016413708872637364,0.0,0.07692307692307693,0.04398499950656271,0.14285714285714285,0.017917577151866197,0.09899571496164791,0.0023329798515376457,0.023915081934988588,0.00529750929259227,0.0,0.017577359995866505,0.0037889700264288487,0.14285714285714285
2023,新疆,0.015081563558017853,0.07727252416628189,0.03333333333333333,1.0,0.23346491660909902,1.0,0.09920749610756525,0.1484569197038459,0.031813361611876985,0.0026536895316065312,0.35294289811806717,0.07102272727272727,0.02173433683100541,0.0005886994751806806,0.2857142857142857
