年份,省份,道路网密度,万人公交车标台数,公交站点500m覆盖率,新能源充电桩数量,人均道路面积,绿色交通出行分担率,私家车拥有量,城市化率,人口密度,人均GDP,全年空气质量优良天数,可吸入颗粒物年均浓度,二氧化碳年排放量,高峰期平均车速,高峰拥堵延时指数,建成区绿化覆盖率,环保财政支出占比,道路运输财政支出占比,新能源车辆占有率
2016,北京,0.7179245283018868,0.865055387713998,0.5502645502645502,0.02343484847230615,0.36655405405405406,0.7975708502024291,0.8560131270083638,0.9338478500551268,0.3395528102506509,0.598079170952308,0.3235294117647059,0.31724845995893225,0.6999854579565393,0.0999999999999999,0.25791855203619907,0.13767458733901689,0.42247191011235957,0.302019315188762,0.07095187917105726
2016,天津,0.8415094339622642,0.7099697885196375,0.5291005291005292,0.003289101539972793,0.6621621621621622,0.38866396761133615,0.9386836527723968,0.8551267916207278,0.3074429526775231,0.36745780990033927,0.11176470588235295,0.11088295687885019,0.9210465664721317,0.24885057471264374,0.6131221719457014,0.049337928532559396,0.011235955056179785,0.1378402107111501,0.019318580962416582
2016,河北,0.319811320754717,0.11681772406847937,0.24338624338624348,0.008222753849931983,0.19679054054054052,0.125506072874494,0.593267850224481,0.23947078280044098,0.0976313237020777,0.18073926619972414,0.07058823529411765,0.047227926078028726,0.7590232830779602,0.35459770114942535,0.7160633484162895,0.14366043896245237,0.5550561797752808,0.19402985074626863,0.003512469265893924
2016,山西,0.28867924528301886,0.07854984894259817,0.2195767195767195,0.004111376924965992,0.2170608108108108,0.1619433198380567,0.8480746294734762,0.2659316427783903,0.055184031854612285,0.15971577196018003,0.12941176470588237,0.047227926078028726,0.7670161487277303,0.2867816091954022,0.6515837104072397,0.06675131507346271,0.6674157303370786,0.3722563652326602,0.0038637161924833154
2016,内蒙古,0.06792452830188679,0.1540785498489426,0.11111111111111119,0.002055688462482996,0.5371621621621622,0.028340080971660037,0.8833952460174571,0.37574421168687977,0.003190566134054827,0.2629866472650992,0.43529411764705883,0.30184804928131426,0.8087153777613492,0.37586206896551716,0.7352941176470589,0.10774532922183927,0.38202247191011235,0.44424934152765577,0.001053740779768177
2016,辽宁,0.3254716981132076,0.3363544813695871,0.439153439153439,0.0037002392324693924,0.3876689189189189,0.20647773279352236,0.817517111450428,0.5120176405733188,0.0722599418040737,0.22221842644177595,0.48823529411764705,0.349075975359343,0.4882389834715437,0.7999999999999998,0.6119909502262442,0.20025394522038817,0.08089887640449435,0.1773485513608428,0.0017562346329469613
2016,吉林,0.22641509433962267,0.2658610271903323,0.28571428571428564,0.002466826154979595,0.3783783783783784,0.10526315789473692,0.9080653615624786,0.27563395810363833,0.032901117974373374,0.19065548614406774,0.5529411764705883,0.44455852156057496,0.8396702325326098,0.23160919540229888,0.595022624434389,0.07328133502630146,0.5842696629213482,0.3827919227392449,0.004566210045662101
2016,黑龙江,0.09339622641509435,0.31419939577039274,0.2645502645502646,0.002877963847476194,0.29560810810810806,0.07692307692307689,0.8969400700410979,0.3318632855567807,0.01661646842615754,0.16367672015023907,0.5,0.349075975359343,0.7230856127640369,0.625862068965517,0.6221719457013575,0.12842372573916197,0.397752808988764,0.34240561896400346,0.0024587284861257467
2016,上海,0.7141509433962264,0.5055387713997985,0.5502645502645502,0.02466826154979595,0.17820945945945946,0.7085020242914983,0.9355424386760561,0.9581036383682469,0.9911429884118638,0.5793870040274257,0.5882352941176471,0.5236139630390144,0.3508572454770389,0.14770114942528736,0.42533936651583715,0.22238345728278616,0.3932584269662921,0.40210711150131695,0.09940288022479804
2016,江苏,0.2160377358490566,0.2940584088620342,0.439153439153439,0.03712656142645464,0.6190878378378378,0.4736842105263157,0.554505951973989,0.5192943770672548,0.19748328143345753,0.431045339468956,0.4764705882352941,0.45995893223819306,0.44517612604636747,0.2494252873563218,0.5124434389140271,0.5000906947215672,0.15056179775280898,0.22036874451273045,0.013347383210396909
2016,浙江,0.2018867924528302,0.34843907351460224,0.462962962962963,0.03531645185412062,0.39020270270270263,0.42510121457489913,0.6082902223538975,0.503858875413451,0.1448261779570167,0.36562967996646584,0.5235294117647059,0.4763860369609856,0.6133899288922513,0.6275862068965515,0.5135746606334841,0.26863776528206057,0.12808988764044946,0.27480245829675154,0.020021074815595365
2016,安徽,0.2528301886792453,0.06545820745216514,0.3306878306878307,0.013156406159891172,0.2795608108108108,0.21052631578947384,0.8334472830587145,0.18676957001102532,0.10784113533105313,0.20504508463872276,0.5529411764705883,0.30184804928131426,0.7456195858635244,0.6270114942528735,0.7047511312217194,0.16760384545619444,0.2966292134831461,0.19578577699736607,0.009834913944502987
2016,福建,0.21320754716981136,0.22759315206445113,0.30952380952380965,0.011511855389904777,0.18750000000000003,0.1821862348178138,0.8623677233604533,0.42888643880926136,0.08060646281076113,0.3471083231616677,0.7941176470588235,0.7299794661190965,0.7263106800818644,0.46091954022988496,0.7352941176470589,0.11064756031198983,0.2539325842696629,0.2774363476733977,0.010888654724271161
2016,江西,0.19622641509433963,0.0020140986908358527,0.19841269841269843,0.006167065387448987,0.1714527027027027,0.08502024291497982,0.8951282694075374,0.19735391400220512,0.0666445454081372,0.19260364481097322,0.6823529411764706,0.3809034907597536,0.8374086478204297,0.5787356321839078,0.8303167420814479,0.09178305822601124,0.5528089887640449,0.1773485513608428,0.007024938531787847
2016,山东,0.29811320754716986,0.3011077542799597,0.39682539682539686,0.016445507699863967,0.5185810810810811,0.2348178137651824,0.43872543433836986,0.3278941565600883,0.15914543876665474,0.2763236861008574,0.011764705882352941,0.1273100616016427,0.45955348410854335,0.6637931034482758,0.595022624434389,0.3983312171231634,0.16179775280898875,0.052677787532923584,0.005619950825430278
2016,河南,0.28584905660377363,0.05740181268882174,0.37566137566137575,0.011922993082401375,0.08868243243243241,0.2672064777327936,0.6507782766243533,0.11069459757442124,0.14737863086426053,0.18960754297490293,0.07647058823529412,0.1273100616016427,0.6623610065926608,0.5770114942528737,0.75,0.16179938327589333,0.15056179775280898,0.1334503950834065,0.005268703898840885
2016,湖北,0.17830188679245282,0.16314199395770393,0.4841269841269841,0.017267783084857165,0.2939189189189189,0.4372469635627533,0.8303174639349119,0.33406835722160966,0.07874317218847311,0.2648517091168286,0.4176470588235294,0.3655030800821355,0.512115531655355,0.11149425287356328,0.3981900452488688,0.13785597678215128,0.24719101123595502,0.40210711150131695,0.009132420091324202
2016,湖南,0.17924528301886794,0.11278952668680767,0.3518518518518518,0.008633891542428582,0.10219594594594594,0.33603238866396784,0.8210229646679885,0.23087100330760746,0.07777324008372045,0.21754653883298836,0.43529411764705883,0.07905544147843957,0.6305208100869235,0.5614942528735631,0.6447963800904977,0.10030836205332849,0.18876404494382024,0.2589991220368745,0.011239901650860553
2016,广东,0.19056603773584907,0.3272910372608258,0.5502645502645502,0.06520533430461165,0.320945945945946,0.57085020242915,0.46359686106489806,0.5523704520396914,0.16708356730818316,0.3236473223436257,0.6411764705882353,0.635523613963039,0.04645181707625845,0.2741379310344827,0.33484162895927605,0.8099038635951388,0.3348314606741573,0.1527655838454785,0.02809975412715139
2016,广西,0.17735849056603775,0.009063444108761337,0.28571428571428564,0.005755927694952388,0.1385135135135135,0.2874493927125507,0.8849677522277171,0.08665931642778389,0.05046199397621114,0.1560041142156492,0.8117647058823529,0.6190965092402464,0.7724005692067497,0.5327586206896551,0.8642533936651583,0.14202793397424268,0.040449438202247175,0.3520632133450395,0.007376185458377239
2016,海南,0.2358490566037736,0.14803625377643506,0.15608465608465588,0.0012334130774897974,0.2744932432432432,0.06477732793522274,0.9962358607382423,0.28555678059536943,0.06692531522793403,0.20020238690985107,0.7823529411764706,0.8254620123203286,0.9623875967215428,0.31896551724137934,0.6832579185520362,0.01650643932523127,0.23595505617977527,0.17471466198419666,0.010888654724271161
2016,重庆,0.21037735849056605,0.2064451158106747,0.39682539682539686,0.007811616157435384,0.29898648648648646,0.3684210526315791,0.9218760682786754,0.439470782800441,0.09426208586451579,0.27118091653940546,0.6176470588235294,0.42915811088295686,0.7629247051993435,0.08390804597701153,0.3042986425339368,0.09722474152004354,0.5910112359550561,0.40210711150131695,0.019669827889005974
2016,四川,0.05943396226415094,0.09969788519637465,0.3518518518518518,0.00986730461991838,0.1368243243243243,0.3805668016194332,0.7291528977415165,0.14641675854465272,0.04127316351013324,0.18951982966999487,0.4,0.3336755646817249,0.6349257343101167,0.23735632183908037,0.6006787330316743,0.17123163431888266,0.23820224719101118,0.39947322212467073,0.011239901650860553
2016,贵州,0.14622641509433962,0.0,0.17724867724867735,0.004522514617462591,0.0,0.2348178137651824,0.9097290275530436,0.0,0.052376333656644035,0.1490193652511278,0.8235294117647058,0.6827515400410678,0.8075726930083105,0.32988505747126423,0.6934389140271492,0.0627607473245057,0.25842696629213485,0.6145741878841089,0.006322444678609063
2016,云南,0.05849056603773584,0.05941591137965759,0.19841269841269843,0.0053447900024557885,0.08277027027027027,0.28340080971659926,0.8385294408107142,0.01014332965821391,0.028230129154117108,0.16552793253277248,0.7823529411764706,0.7145790554414784,0.7275986032002411,0.4971264367816093,0.6730769230769229,0.06693270451659712,0.30786516853932583,0.5408252853380158,0.005268703898840885
2016,陕西,0.18113207547169813,0.13695871097683784,0.3306878306878307,0.006989340772442186,0.14864864864864863,0.3238866396761134,0.8604875528916642,0.29084895259095933,0.04602072591760682,0.23060197179509437,0.08823529411764706,0.0,0.8534836642358916,0.22988505747126434,0.5237556561085973,0.09522945764556502,0.5752808988764044,0.29060579455662855,0.007727432384966632
2016,甘肃,0.06037735849056603,0.03323262839879155,0.06613756613756615,0.0012334130774897974,0.14864864864864863,0.09716599190283397,0.9489315314083426,0.011907386990077158,0.013043034356016132,0.13199375111949876,0.38235294117647056,0.15913757700205333,0.9064832526446304,0.16206896551724137,0.573529411764706,0.03645927807001632,0.5325842696629214,0.340649692712906,0.0024587284861257467
2016,青海,0.0,0.21248741188318226,0.0,0.0,0.11486486486486486,0.0,1.0,0.17684674751929444,0.0,0.18325063661393406,0.7294117647058823,0.44455852156057496,0.994964052744415,0.6436781609195401,0.7590497737556561,0.0,0.946067415730337,1.0,0.0
2016,宁夏,0.15471698113207547,0.31017119838872104,0.08994708994708973,0.00020694850293452978,0.6148648648648649,0.016194331983805613,0.9883505397418659,0.26725468577728784,0.0246566950839757,0.18949213073160284,0.3764705882352941,0.15913757700205333,0.9915639095310503,0.5735632183908046,1.0,0.034282604752403405,0.797752808988764,0.7515364354697103,0.0003512469265893922
2016,新疆,0.0028301886792452802,0.20745216515609266,0.11111111111111119,0.0016445507699863965,0.29138513513513514,0.052631578947368605,0.9265290153984063,0.11532524807056238,0.0016590943897085099,0.18846265352136607,0.4764705882352941,0.11088295687885019,0.7550918289276959,1.0,0.5463800904977376,0.10629421367676402,0.18202247191011237,0.5566286215978928,0.002107481559536354
2017,北京,0.7179245283018868,1.0,0.6296296296296297,0.03383745988648185,0.3530405405405405,0.8380566801619433,0.8504789686790188,0.9338478500551268,0.3393996630762162,0.6591045487196627,0.3058823529411765,0.4004106776180698,0.679728039626178,0.075287356321839,0.18778280542986414,0.1402140395428986,0.42247191011235957,0.28182616330114135,0.09975412715138743
2017,天津,0.8415094339622642,0.730110775427996,0.6058201058201056,0.004903299862862125,0.6993243243243245,0.4291497975708503,0.9355994135387466,0.8551267916207278,0.3003726581244576,0.40818448231607446,0.1,0.2114989733059548,0.9193923879521986,0.22126436781609202,0.5542986425339366,0.06910937783421003,0.011235955056179785,0.12379280070237046,0.030909729539866527
2017,河北,0.32924528301886796,0.15709969788519637,0.3121693121693121,0.011989216603340425,0.21368243243243243,0.1659919028340082,0.5417625743521958,0.2707828004410143,0.09809076522538157,0.19352694275737395,0.058823529411764705,0.15297741273100618,0.7894951620355861,0.3258620689655173,0.6617647058823528,0.14892073281335028,0.5550561797752808,0.1782265144863916,0.007024938531787847
2017,山西,0.28867924528301886,0.08962739174219539,0.28835978835978815,0.006084285986275175,0.25253378378378377,0.20242914979757087,0.8249960117596116,0.29084895259095933,0.055107458267394965,0.19302836186631755,0.11176470588235295,0.15297741273100618,0.7563347610019813,0.25919540229885063,0.595022624434389,0.10484309813168874,0.6674157303370786,0.34942932396839327,0.007376185458377239
2017,内蒙古,0.07075471698113207,0.15508559919436052,0.17460317460317445,0.0031318206777425505,0.5548986486486487,0.06882591093117421,0.8608294020678077,0.40904079382579944,0.003190566134054827,0.28476724582069185,0.4176470588235294,0.38603696098562623,0.7999360522534429,0.3471264367816091,0.6821266968325791,0.11064756031198983,0.38202247191011235,0.417910447761194,0.003161222339304531
2017,辽宁,0.34433962264150947,0.35448136958710974,0.5158730158730159,0.005493792924568651,0.4222972972972973,0.24696356275303655,0.7918404399978729,0.5146637265711135,0.07200469651334931,0.23662649089535898,0.4764705882352941,0.42915811088295686,0.47412798594486416,0.7632183908045975,0.5531674208144797,0.2118628695809904,0.08089887640449435,0.16154521510096573,0.004214963119072708
2017,吉林,0.22169811320754718,0.270896273917422,0.35714285714285715,0.0037223137394490754,0.3733108108108108,0.14574898785425108,0.8948471934182638,0.2950385887541346,0.032339578334779726,0.20251524826558484,0.5352941176470588,0.5164271047227926,0.8395432166122215,0.20517241379310344,0.5361990950226243,0.0760021766733176,0.5842696629213482,0.3590869183494293,0.008429926238145417
2017,黑龙江,0.09339622641509435,0.34642497482376644,0.3333333333333332,0.004312806801155601,0.30743243243243246,0.11740890688259105,0.8811124531856545,0.3517089305402426,0.016284649548215836,0.17190330485266936,0.4823529411764706,0.42915811088295686,0.7496228778444468,0.5919540229885057,0.5633484162895928,0.11518229639035008,0.397752808988764,0.3204565408252853,0.005619950825430278
2017,上海,0.7141509433962264,0.5367573011077543,0.6296296296296297,0.035608939071601425,0.18918918918918917,0.7489878542510126,0.923494154379088,0.9603087100330762,0.9907345959467048,0.6435423618330788,0.5705882352941176,0.5893223819301847,0.28553277323931414,0.12183908045977015,0.35972850678733037,0.23598766551786687,0.3932584269662921,0.3775241439859526,0.13874253600280997
2017,江苏,0.2160377358490566,0.3202416918429003,0.5158730158730159,0.051050056703889804,0.6418918918918919,0.5141700404858299,0.4952179098581705,0.5426681367144434,0.19847873806728267,0.474121805158281,0.4588235294117647,0.5308008213552362,0.4181857699083238,0.2224137931034483,0.45135746606334837,0.507527661890078,0.15056179775280898,0.2028094820017559,0.021777309448542326
2017,浙江,0.2018867924528302,0.3836858006042296,0.5396825396825395,0.04856943398204791,0.3935810810810811,0.4655870445344133,0.5616240114861324,0.525909592061742,0.14719995916075346,0.3975296240146103,0.5058823529411764,0.5451745379876797,0.5967125710242427,0.5936781609195403,0.45135746606334837,0.27752584799564667,0.12808988764044946,0.25548726953467954,0.03196347031963471
2017,安徽,0.25943396226415094,0.09264853977844914,0.4021164021164022,0.019075133343818725,0.29307432432432434,0.251012145748988,0.7951145954404917,0.20595369349503867,0.10827505232528459,0.22969713980762166,0.5352941176470588,0.38603696098562623,0.7275371216223603,0.5936781609195403,0.6504524886877827,0.174496644295302,0.2966292134831461,0.1791044776119403,0.01650860554970144
2017,福建,0.21320754716981136,0.25075528700906347,0.37830687830687826,0.016713161096992623,0.2778716216216216,0.22267206477732798,0.8409413766646155,0.45534729878721053,0.08160191944458624,0.3909972910438253,0.7764705882352941,0.7782340862422998,0.7078813758242619,0.4298850574712643,0.6809954751131222,0.1153636858334845,0.2539325842696629,0.25812115891132564,0.01791359325605901
2017,江西,0.21226415094339623,0.03826787512588116,0.2645502645502646,0.0090367512948078,0.2001689189189189,0.125506072874494,0.8709367427091167,0.23042998897464173,0.06687426616978917,0.20973082171670637,0.6588235294117647,0.4579055441478439,0.8292577040572955,0.545977011494253,0.7794117647058822,0.1042989298022855,0.5528089887640449,0.16154521510096573,0.012293642430628731
2017,山东,0.310377358490566,0.3323262839879154,0.4708994708994709,0.023799077837470924,0.5633445945945946,0.27530364372469657,0.36819055432743075,0.36229327453142224,0.1601153708714074,0.29425413221995916,0.0,0.22587268993839837,0.3927143716290844,0.6293103448275861,0.5361990950226243,0.41628877199347,0.16179775280898875,0.04214223002633889,0.009834913944502987
2017,河南,0.2745283018867925,0.08761329305135954,0.44708994708994687,0.01730365415869915,0.11402027027027024,0.3076923076923078,0.5886908695883376,0.13252480705622927,0.14816989126550614,0.20937535200734209,0.06470588235294118,0.22587268993839837,0.6603463720891676,0.54367816091954,0.6957013574660633,0.17231997097768909,0.15056179775280898,0.12028094820017556,0.009483667017913594
2017,湖北,0.1830188679245283,0.17220543806646527,0.5608465608465609,0.024980063960883973,0.31587837837837834,0.47773279352226744,0.7976594726406709,0.3561190738699007,0.0789984174791975,0.2941571859355871,0.40588235294117647,0.44353182751540043,0.5040604431392881,0.08678160919540238,0.33257918552036203,0.14601850172319972,0.24719101123595502,0.3775241439859526,0.015103617843343874
2017,湖南,0.17924528301886794,0.1379657603222558,0.4259259259259258,0.01257970966504695,0.12753378378378377,0.376518218623482,0.7882586202967251,0.2520396912899669,0.07787533820001019,0.23748515798551165,0.4176470588235294,0.18275154004106786,0.6152591919327282,0.529310344827586,0.588235294117647,0.11155450752766187,0.18876404494382024,0.23968393327480242,0.018616087109237796
2017,广东,0.19056603773584907,0.35246727089627394,0.6296296296296297,0.08990394830150465,0.3057432432432432,0.6113360323886642,0.38997774182030887,0.5667034178610804,0.17037623155852774,0.3536037242145966,0.6235294117647059,0.6909650924024641,0.03286638617271165,0.24655172413793094,0.26696832579185514,0.8155269363323054,0.3348314606741573,0.1378402107111501,0.04355461889708465
2017,广西,0.17735849056603775,0.03323262839879155,0.35714285714285715,0.008446258233101274,0.1570945945945946,0.3279352226720649,0.8565562873660141,0.11157662624035286,0.05099800908673235,0.16997822863442388,0.788235294117647,0.6765913757700206,0.7480433141367702,0.5011494252873564,0.8156108597285068,0.14982768002902233,0.040449438202247175,0.3292361720807726,0.012644889357218124
2017,海南,0.2358490566037736,0.20845921450151056,0.2195767195767195,0.0019508345543295007,0.2888513513513513,0.10526315789473692,0.9905117861999286,0.30628445424476297,0.0680228699780489,0.21620314032097532,0.7647058823529411,0.8655030800821355,0.9573028931601626,0.2908045977011493,0.6278280542986423,0.01650643932523127,0.23595505617977527,0.15978928884986832,0.01791359325605901
2017,重庆,0.22169811320754718,0.23262839879154076,0.4708994708994709,0.0113987235416339,0.32685810810810806,0.40890688259109326,0.9061130229342814,0.47100330760749737,0.09533411608555822,0.2974625925837016,0.5941176470588235,0.502053388090349,0.7484257177932319,0.05977011494252868,0.23642533936651589,0.1004897514964629,0.5910112359550561,0.3775241439859526,0.03126097646645592
2017,四川,0.06320754716981132,0.15307150050352467,0.4259259259259258,0.014351188850166525,0.16216216216216212,0.4210526315789474,0.6916140598767824,0.1794928335170893,0.041477359742712744,0.21448118965093801,0.38235294117647056,0.4147843942505133,0.6128849291431326,0.21034482758620687,0.5418552036199096,0.1837475058951569,0.23820224719101118,0.37489025460930636,0.018264840182648404
2017,贵州,0.14622641509433962,0.010070493454179263,0.24338624338624348,0.0066747790479817,0.014358108108108102,0.27530364372469657,0.8855261058820848,0.0412348401323044,0.053014446883455,0.17072609997100846,0.8,0.7340862422997947,0.8367757097183568,0.3011494252873562,0.6380090497737556,0.07473245057137674,0.25842696629213485,0.5820895522388059,0.011239901650860553
2017,云南,0.05849056603773584,0.05236656596173213,0.2645502645502646,0.00785576517139475,0.02956081081081078,0.3238866396761134,0.8119259782583923,0.019404630650496198,0.028332227270406858,0.18553118254154383,0.7647058823529411,0.7638603696098563,0.7207390583148154,0.4655172413793104,0.6165158371040722,0.07074188282241972,0.30786516853932583,0.5109745390693591,0.009834913944502987
2017,陕西,0.19905660377358494,0.14803625377643506,0.4021164021164022,0.01021773741822085,0.19510135135135137,0.3643724696356276,0.8396841313612434,0.30826901874310925,0.0464035938536934,0.25746532554562296,0.07647058823529412,0.10985626283367578,0.8530014756681671,0.20287356321839084,0.4626696832579186,0.11427534917467802,0.5752808988764044,0.2704126426690079,0.013347383210396909
2017,甘肃,0.07358490566037737,0.05740181268882174,0.1296296296296294,0.0019508345543295007,0.1731418918918919,0.13765182186234814,0.9362261370283431,0.03042998897464173,0.013043034356016132,0.1398602496228328,0.36470588235294116,0.25462012320328553,0.9043160382749684,0.1362068965517242,0.5135746606334841,0.03754761472882278,0.5325842696629214,0.31870061457418786,0.005619950825430278
2017,青海,0.0,0.22557905337361533,0.060846560846560774,0.00029800584422572286,0.21283783783783783,0.04048582995951418,0.9964219786230315,0.19669239250275636,0.0,0.19824961175321357,0.711764705882353,0.5164271047227926,0.9882682308657355,0.6097701149425289,0.7058823529411765,0.00036277888626881947,0.946067415730337,0.9517120280948199,0.007376185458377239
2017,宁夏,0.16886792452830188,0.36958710976837866,0.15079365079365087,0.0013603414926229758,0.5996621621621622,0.05668016194331979,0.9825998769342966,0.30496141124586545,0.025039563020062282,0.21419496728755377,0.3588235294117647,0.25462012320328553,0.9927304054289389,0.5413793103448274,0.9558823529411763,0.03664066751315073,0.797752808988764,0.7129060579455662,0.008429926238145417
2017,新疆,0.0028301886792452802,0.18630412890231624,0.17460317460317445,0.0025413276160360255,0.3234797297297297,0.09311740890688278,0.9136413014577968,0.1490628445424476,0.0017356679769258258,0.2133039847692771,0.4588235294117647,0.2114989733059548,0.7368710430733116,0.9597701149425286,0.48529411764705876,0.1137311808452748,0.18202247191011237,0.5258999122036875,0.004917456972251493
2018,北京,0.7179245283018868,0.8690835850956697,0.6825396825396826,0.04744087481271161,0.3589527027027027,0.8785425101214575,0.8459665595539247,0.9338478500551268,0.33909336872734697,0.740484029715421,0.32941176470588235,0.44763860369609854,0.6516779481329358,0.05977011494252868,0.14140271493212664,0.14347904951931795,0.4539325842696628,0.26075504828797186,0.13663505444327362
2018,天津,0.9207547169811321,0.8298086606243706,0.6587301587301585,0.007014174592794329,0.7398648648648648,0.46963562753036453,0.932712687162424,0.8599779492833518,0.2945785900250141,0.4476277705863127,0.11764705882352941,0.2689938398357291,0.9193649385554472,0.20402298850574715,0.5158371040723981,0.07309994558316706,0.02247191011235952,0.10974539069359086,0.049174569722514924
2018,河北,0.339622641509434,0.14904330312185296,0.35714285714285715,0.016914590973182233,0.2432432432432432,0.20647773279352236,0.4915867119426909,0.2970231532524807,0.09832048598703354,0.20478194472399858,0.08235294117647059,0.21355236139630396,0.7814787491384483,0.30747126436781613,0.6255656108597283,0.15454380555051697,0.593258426966292,0.16154521510096573,0.012644889357218124
2018,山西,0.2952830188679246,0.11782477341389727,0.3333333333333332,0.008664243989525646,0.2854729729729729,0.24291497975708506,0.8042381701193433,0.3406835722160971,0.05497983562203277,0.2128977336728608,0.13529411764705881,0.21355236139630396,0.773500358458071,0.24195402298850577,0.5576923076923077,0.07618356611645202,0.7101123595505618,0.32572431957857767,0.013347383210396909
2018,内蒙古,0.07169811320754717,0.15609264853977844,0.21693121693121703,0.004539070497697353,0.5565878378378378,0.10931174089068839,0.8422252102372433,0.45314222712238156,0.003165041604982388,0.30975168825029503,0.4470588235294118,0.43326488706365507,0.8102376041231227,0.3281609195402299,0.6459276018099547,0.11064756031198983,0.4134831460674157,0.3915715539947322,0.007024938531787847
2018,辽宁,0.3820754716981132,0.34441087613293053,0.5661375661375659,0.007839209291159988,0.49155405405405406,0.2874493927125507,0.7666233657710219,0.528114663726571,0.07164735310633519,0.2593904017638684,0.5,0.47535934291581106,0.4802914390734462,0.7402298850574711,0.5147058823529411,0.21059314347904953,0.09662921348314606,0.14661984196663738,0.008429926238145417
2018,吉林,0.22169811320754718,0.31017119838872104,0.4021164021164022,0.005364105196063011,0.3885135135135135,0.18623481781376527,0.8830495985171343,0.3914002205071665,0.03177803869518607,0.2125237980045685,0.5647058823529412,0.5574948665297741,0.8849598008399966,0.18735632183908052,0.49660633484162897,0.11445673861781243,0.6224719101123595,0.3353819139596137,0.01475237091675448
2018,黑龙江,0.10754716981132074,0.33836858006042303,0.38095238095238076,0.006189139894428671,0.3505067567567568,0.15789473684210523,0.8659837279792155,0.3693495038588754,0.015876257083056816,0.18320447171661403,0.5117647058823529,0.47535934291581106,0.789922543307001,0.5706896551724139,0.5248868778280542,0.11699619082169417,0.42696629213483145,0.2985074626865671,0.01018616087109238
2018,上海,0.7141509433962264,0.5206445115810675,0.6825396825396826,0.04991597890780858,0.19425675675675677,0.7894736842105268,0.9129500064571511,0.9691289966923924,0.9943590790749911,0.7044477108674014,0.6,0.6262833675564682,0.30191955753764066,0.1057471264367816,0.3167420814479638,0.24161073825503354,0.42247191011235957,0.3529411764705882,0.19634703196347036
2018,江苏,0.24245283018867927,0.35045317220543815,0.5661375661375659,0.06943536170459343,0.6680743243243243,0.554655870445344,0.44605240168037863,0.5834619625137817,0.1990402777068763,0.5107859666098531,0.4823529411764706,0.570841889117043,0.3799283849187518,0.2045977011494252,0.409502262443439,0.5216760384545619,0.16853932584269662,0.1861281826163301,0.035124692658939236
2018,浙江,0.219811320754717,0.4078549848942598,0.5899470899470899,0.06606899939019174,0.43412162162162166,0.5060728744939275,0.516283415756968,0.5700110253583242,0.14970136300985246,0.43645586543486414,0.5352941176470588,0.5852156057494866,0.6083905126968678,0.5724137931034481,0.4106334841628959,0.29239978233266817,0.1438202247191011,0.2352941176470588,0.0505795574288725
2018,安徽,0.25943396226415094,0.09969788519637465,0.44973544973544977,0.026815007353570137,0.3293918918918919,0.29149797570850217,0.7589317593077933,0.25711135611907393,0.10863239573229873,0.2611585173312258,0.5647058823529412,0.43326488706365507,0.7150601631015336,0.5729885057471265,0.6142533936651582,0.1837475058951569,0.32134831460674157,0.16330114135206317,0.027046013347383213
2018,福建,0.2358490566037736,0.26183282980866057,0.4259259259259258,0.023514868560107503,0.37162162162162166,0.26315789473684215,0.8210077713712709,0.4773980154355016,0.08241870437490427,0.4409661759030316,0.8058823529411765,0.8049281314168378,0.6871546021088458,0.40977011494252863,0.6447963800904977,0.1195356430255759,0.2764044943820224,0.23792800702370498,0.02915349490691957
2018,江西,0.21226415094339623,0.050352467270896276,0.30952380952380965,0.01278941748135394,0.2508445945945946,0.1659919028340082,0.8459551645813866,0.2921719955898567,0.0668997906988616,0.23540773760611003,0.6941176470588235,0.502053388090349,0.7958094296060167,0.5247126436781608,0.745475113122172,0.11518229639035008,0.5910112359550561,0.14661984196663738,0.02072356866877415
2018,山东,0.34622641509433966,0.31822759315206445,0.5185185185185184,0.03341528494049541,0.5988175675675675,0.31578947368421073,0.3021338985239712,0.3755237045203969,0.1608300576854357,0.3108642622757079,0.01764705882352941,0.28234086242299794,0.40571509249375115,0.6074712643678158,0.49660633484162897,0.4302557591148195,0.1797752808988764,0.03160667251975416,0.017211099402880226
2018,河南,0.2745283018867925,0.10171198388721045,0.4973544973544973,0.024339903258473163,0.13006756756756757,0.348178137651822,0.5269870932944385,0.16670341786108053,0.14870590637602737,0.23525077695522192,0.08823529411764706,0.28234086242299794,0.5805966276694774,0.5235632183908047,0.6606334841628959,0.1830219481226193,0.16853932584269662,0.10623353819139596,0.01615735862311205
2018,湖北,0.1877358490566038,0.18227593152064453,0.6137566137566138,0.035065354337226726,0.36993243243243235,0.5182186234817816,0.765328137225856,0.3561190738699007,0.07917708918270457,0.3309690750585833,0.4294117647058823,0.4887063655030801,0.49707143584296143,0.07068965517241381,0.28846153846153855,0.15762742608380192,0.2696629213483146,0.3529411764705882,0.02528977871443625
2018,湖南,0.19716981132075476,0.1581067472306143,0.4735449735449734,0.017739625671547892,0.18918918918918917,0.4170040485829962,0.7533444244399371,0.2617420066152151,0.07790086272908264,0.2548200769291849,0.4470588235294118,0.24127310061601637,0.5815433847314208,0.5080459770114942,0.5497737556561085,0.12007981135497914,0.2089887640449438,0.22124670763827914,0.030207235686687744
2018,广东,0.20566037735849058,0.34239677744209474,0.6825396825396826,0.12029226647241101,0.3445945945945946,0.6518218623481783,0.3208026618655849,0.585446527012128,0.17331155240185817,0.3808410136334175,0.6529411764705882,0.7227926078028748,0.013499566636704152,0.22931034482758608,0.22285067873303177,0.8692182115000907,0.3617977528089888,0.12379280070237046,0.06217070600632245
2018,广西,0.17735849056603775,0.04431017119838872,0.4021164021164022,0.011964382782988281,0.20608108108108109,0.3684210526315791,0.8257404832987686,0.15303197353914014,0.0514319260809638,0.1861497921656323,0.8235294117647058,0.7084188911704312,0.7398397102472754,0.4810344827586207,0.7828054298642533,0.15581353165245784,0.053932584269662916,0.30728709394205445,0.021426062521952935
2018,海南,0.2358490566037736,0.25377643504531716,0.2645502645502646,0.0028890011009660354,0.3454391891891892,0.14574898785425108,0.9860601502617046,0.30540242557883135,0.06873755679207717,0.2352138450373659,0.7941176470588235,0.8880903490759754,0.9602752376349767,0.27241379310344815,0.590497737556561,0.020315617631053873,0.25842696629213485,0.1439859525899912,0.02915349490691957
2018,重庆,0.23301886792452833,0.21349446122860022,0.5185185185185184,0.016089556274816574,0.35979729729729726,0.4493927125506074,0.889989136792847,0.47078280044101434,0.09592118025422429,0.3191139294267982,0.6235294117647059,0.5441478439425051,0.7798725244139466,0.04367816091954031,0.19004524886877816,0.10629421367676402,0.6292134831460674,0.3529411764705882,0.049877063575693714
2018,四川,0.0669811320754717,0.17321248741188322,0.4735449735449734,0.020214729766644866,0.20101351351351346,0.46153846153846156,0.6572316294051064,0.1794928335170893,0.04163050691714738,0.24151535352155074,0.40588235294117647,0.4609856262833675,0.6185681592821513,0.193103448275862,0.503393665158371,0.19463087248322147,0.26067415730337073,0.35030728709394204,0.030207235686687744
2018,贵州,0.16226415094339622,0.013091641490433022,0.28571428571428564,0.009489278687891305,0.04983108108108107,0.31578947368421073,0.8620334708326686,0.074310915104741,0.053295216703251824,0.19185115698465666,0.8352941176470589,0.7638603696098563,0.8214018436667991,0.28275862068965524,0.6006787330316743,0.08235080718302194,0.28089887640449435,0.5487269534679543,0.018967334035827187
2018,云南,0.06037735849056603,0.067472306143001,0.30952380952380965,0.011139348084622622,0.059966216216216214,0.3643724696356276,0.791942994750716,0.0807056229327454,0.028408800857624178,0.2102940334640108,0.7941176470588235,0.7915811088295688,0.6804590047653531,0.44540229885057464,0.5791855203619909,0.07291855614003263,0.3348314606741573,0.4802458296751536,0.01685985247629083
2018,陕西,0.19905660377358494,0.17119838872104737,0.44973544973544977,0.014439486878085257,0.23986486486486483,0.4048582995951421,0.8169283712026254,0.30826901874310925,0.0467354127316351,0.2859813826202088,0.09411764705882353,0.1724845995893225,0.8321355954810228,0.18563218390804598,0.421945701357466,0.11808452748050062,0.6134831460674156,0.2502194907813871,0.022479803301721113
2018,甘肃,0.07358490566037737,0.08459214501510573,0.1693121693121691,0.0028890011009660354,0.20439189189189186,0.1781376518218623,0.9268404779811147,0.07805953693495037,0.013017509826943692,0.15350197678090327,0.3941176470588235,0.3100616016427107,0.9130818158417972,0.12011494252873561,0.47398190045248867,0.03809178305822601,0.5685393258426966,0.2967515364354697,0.010537407797681772
2018,青海,0.0,0.23162134944612284,0.10052910052910047,0.0012389317042347183,0.26520270270270274,0.08097165991902835,0.9931288315595159,0.25071664829106954,0.0,0.22015947202130234,0.7411764705882353,0.5574948665297741,0.9815369332482012,0.5885057471264367,0.6708144796380089,0.0009069472156720486,1.0,0.90342405618964,0.013347383210396909
2018,宁夏,0.16886792452830188,0.30513595166163143,0.19312169312169306,0.002063966402600377,0.6241554054054055,0.09716599190283397,0.9777000387429067,0.3263506063947079,0.025218234723569353,0.23277633845886803,0.38823529411764707,0.3100616016427107,1.0,0.5206896551724136,0.9264705882352939,0.034282604752403405,0.844943820224719,0.6751536435469709,0.015103617843343874
2018,新疆,0.0037735849056603757,0.17522658610271907,0.21693121693121703,0.0037140357993316942,0.3327702702702703,0.13360323886639697,0.9026679429035909,0.1819184123484013,0.0017867170350707028,0.24013040660194968,0.4823529411764706,0.2689938398357291,0.7334316107532316,0.9339080459770116,0.4445701357466063,0.12098675857065118,0.20224719101123592,0.495171202809482,0.009132420091324202
2019,北京,0.7754716981132075,0.9133937562940585,0.7619047619047619,0.08216959291849817,0.3682432432432432,0.9068825910931175,0.838924466525369,0.9360529217199558,0.33878707437847777,0.006127005172315097,0.38235294117647056,0.5420944558521561,0.6438511824174898,0.036781609195402326,0.07126696832579182,0.14964629058588788,0.4404494382022472,0.2405618964003512,0.15911485774499476
2019,天津,0.9207547169811321,0.7502517623363544,0.7380952380952379,0.012403113609209484,0.847972972972973,0.49797570850202455,0.9291726490272492,0.8672546857772878,0.29501250701924553,0.00533527718327649,0.16470588235294117,0.38295687885010266,0.9157272112558305,0.17931034482758623,0.4581447963800904,0.0665699256303283,0.017977528089887656,0.09569798068481122,0.06708816297857392
2019,河北,0.359433962264151,0.12588116817724068,0.4259259259259258,0.029488782011484263,0.25337837837837834,0.2348178137651824,0.4508003069045937,0.2970231532524807,0.09860125580683035,0.0017828883344997665,0.12352941176470589,0.3347022587268993,0.7631980402322511,0.2798850574712644,0.5701357466063348,0.15871576274260837,0.5775280898876405,0.1457418788410887,0.01791359325605901
2019,山西,0.3254716981132076,0.1510574018126888,0.4021164021164022,0.015250725009588614,0.3167229729729729,0.2712550607287451,0.7843083631501782,0.3395810363836824,0.05490326203481545,0.0009925452923807607,0.17647058823529413,0.3347022587268993,0.7761595418963262,0.21609195402298856,0.501131221719457,0.08198802829675311,0.6921348314606741,0.302019315188762,0.018967334035827187
2019,内蒙古,0.07358490566037737,0.1933534743202417,0.2804232804232803,0.00813169650864079,0.5701013513513513,0.13765182186234814,0.8262532570629838,0.4244762954796031,0.003139517075909949,5.6321174730443166e-05,0.5,0.5297741273100616,0.8038638326391965,0.30057471264367813,0.5916289592760182,0.11409395973154363,0.39999999999999997,0.3652326602282704,0.010537407797681772
2019,辽宁,0.3820754716981132,0.36757301107754287,0.6428571428571428,0.01382691930939905,0.5084459459459459,0.31578947368421073,0.7425989653364935,0.528335170893054,0.0713921078156108,0.0012907705290681893,0.5588235294117647,0.566735112936345,0.48428765494314674,0.7068965517241379,0.4570135746606335,0.2211137311808453,0.08988764044943817,0.1308165057067603,0.012293642430628731
2019,吉林,0.22169811320754718,0.2920443101711984,0.4735449735449734,0.009555502208830354,0.4113175675675675,0.21457489878542532,0.8727105601008834,0.31135611907387,0.031267548113737303,0.000565058343197233,0.6235294117647059,0.6396303901437372,0.8847377028924628,0.16321839080459769,0.4389140271493214,0.15200435334663523,0.6067415730337079,0.31167690956979804,0.02072356866877415
2019,黑龙江,0.10566037735849056,0.36455186304128906,0.44973544973544977,0.010979307909019919,0.3648648648648649,0.18623481781376527,0.8516336592295479,0.3693495038588754,0.015493389146970236,0.0002797592777594144,0.5705882352941176,0.566735112936345,0.7857092352755515,0.5396551724137929,0.4671945701357466,0.11336840195900598,0.41573033707865165,0.2756804214223002,0.01475237091675448
2019,上海,0.7141509433962264,0.5508559919436052,0.7619047619047619,0.08644101001906686,0.20608108108108109,0.8178137651821862,0.9056838123020123,0.9691289966923924,0.9967583848078002,0.018027392403473817,0.6588235294117647,0.7002053388090349,0.273080119667662,0.08218390804597699,0.25226244343891413,0.2749863957917649,0.4112359550561797,0.3283582089552239,0.2395504039339656
2019,江苏,0.28679245283018867,0.35850956696878145,0.6428571428571428,0.11776473542323729,0.6900337837837838,0.5829959514170041,0.4048291893616536,0.5834619625137817,0.1995762928173975,0.003609171672480366,0.5411764705882353,0.6519507186858317,0.3390948442254028,0.17931034482758623,0.34841628959276016,0.5302013422818792,0.16179775280898875,0.16856892010535557,0.048120828942746746
2019,浙江,0.219811320754717,0.404833836858006,0.6666666666666667,0.11206951262247902,0.4619932432432433,0.534412955465587,0.473457310634548,0.5700110253583242,0.15217724232987898,0.0027518895292473087,0.5882352941176471,0.6642710472279261,0.6382989375536181,0.5419540229885059,0.34954751131221706,0.30128786504625427,0.13707865168539324,0.21597892888498682,0.0688443976115209
2019,安徽,0.2933962264150944,0.12386706948640483,0.5211640211640213,0.04657445041375904,0.37162162162162166,0.31983805668016196,0.7260268769418932,0.25711135611907393,0.10891316555209556,0.0019693945196727096,0.6235294117647059,0.5297741273100616,0.7262534610615881,0.5413793103448274,0.5588235294117646,0.19608198802829677,0.3123595505617977,0.14661984196663738,0.037232174218475585
2019,福建,0.2358490566037736,0.24874118831822759,0.4973544973544973,0.04087922761300078,0.3927364864864865,0.29149797570850217,0.803417732096599,0.4928335170893054,0.08308234213078769,0.0015022057587939514,0.8705882352941177,0.8593429158110882,0.6589657322624798,0.3816091954022988,0.590497737556561,0.12280065300199527,0.26741573033707866,0.218612818261633,0.04039339655778012
2019,江西,0.24622641509433965,0.055387713997985887,0.37566137566137575,0.02236975351053644,0.2795608108108108,0.1943319838056682,0.8234500938186072,0.2921719955898567,0.06695083975700647,0.0012104436077313278,0.7529411764705882,0.5903490759753593,0.7759051432908706,0.4954022988505747,0.6957013574660633,0.1191728641393071,0.5752808988764044,0.1308165057067603,0.02915349490691957
2019,山东,0.3641509433962264,0.37160120845921457,0.5925925925925924,0.05796489601527556,0.6317567567567568,0.34412955465587053,0.23295502024506787,0.3828004410143329,0.16128949920873958,0.0029166982126798352,0.058823529411764705,0.3952772073921972,0.3962379195930309,0.5764367816091952,0.4389140271493214,0.44639941955378193,0.17303370786516853,0.021071115013169425,0.023884791008078683
2019,河南,0.3367924528301887,0.1037260825780463,0.5687830687830688,0.042303033313190345,0.15287162162162163,0.376518218623482,0.46861824563002796,0.19977949283351712,0.149267446015621,0.0026992615463024686,0.12941176470588237,0.3952772073921972,0.5844646583885105,0.4931034482758621,0.6074660633484161,0.19789588245964085,0.16179775280898875,0.0921861281826163,0.022831050228310504
2019,湖北,0.2339622641509434,0.18529707955689828,0.6904761904761904,0.060812507415654686,0.39527027027027023,0.5465587044534417,0.7343490052188975,0.3715545755237045,0.07930471182806677,0.001433881710760299,0.4823529411764706,0.5790554414784395,0.4369872488479961,0.0482758620689655,0.22398190045248856,0.1645202249229095,0.26067415730337073,0.3283582089552239,0.03477344573234985
2019,湖南,0.21886792452830192,0.19536757301107754,0.5449735449735449,0.030912587711673826,0.1908783783783784,0.44534412955465624,0.7208231728161535,0.2882028665931643,0.07795191178722752,0.0014094143151806803,0.5,0.35934291581108835,0.5646805365967729,0.47816091954022966,0.49321266968325783,0.12370760021766733,0.19999999999999998,0.2028094820017559,0.0414471373375483
2019,广东,0.21698113207547173,0.34743202416918434,0.7619047619047619,0.19842222461362716,0.38682432432432434,0.6801619433198384,0.25393696301191904,0.6008820286659318,0.17532799019858084,0.00317060514794003,0.711764705882353,0.786447638603696,0.0,0.20402298850574715,0.15497737556561086,0.9000544168329404,0.35056179775280893,0.10886742756804212,0.08429926238145416
2019,广西,0.17735849056603775,0.03625377643504531,0.4735449735449734,0.020945947810346872,0.2685810810810811,0.3967611336032391,0.7947233680500163,0.15303197353914014,0.051814794017050386,0.000936685766623518,0.888235294117647,0.7741273100616016,0.7512401778774578,0.45114942528735635,0.7330316742081449,0.12007981135497914,0.049438202247191004,0.2844600526777875,0.029504741833508957
2019,海南,0.2358490566037736,0.24773413897280966,0.32804232804232786,0.00528408510826166,0.35472972972972966,0.17408906882591113,0.9829265328137226,0.3325248070562293,0.0696819643677574,0.0012598400478637658,0.8588235294117647,0.9322381930184804,0.9584604356279475,0.24655172413793094,0.5350678733031675,0.020859785960457098,0.24943820224719102,0.12906057945566282,0.04039339655778012
2019,重庆,0.24433962264150946,0.24169184290030216,0.5925925925925924,0.028064976311294697,0.4028716216216216,0.47773279352226744,0.8745261590586233,0.4994487320837927,0.09668691612639745,0.0017482646615097398,0.6882352941176471,0.6273100616016427,0.7710385479845819,0.02126436781609201,0.12104072398190047,0.11155450752766187,0.6134831460674156,0.3283582089552239,0.06814190375834211
2019,四川,0.07075471698113207,0.17724068479355487,0.5449735449735449,0.03518400481224252,0.24999999999999997,0.4898785425101216,0.6255915889909371,0.21256890848952592,0.04178365409158201,0.0007552577201557789,0.4588235294117647,0.5544147843942506,0.5987281230362848,0.16839080459770112,0.4445701357466063,0.2140395428986033,0.2516853932584269,0.32572431957857767,0.0414471373375483
2019,贵州,0.17358490566037738,0.02215508559919436,0.3518518518518518,0.016674530709778177,0.07432432432432431,0.34412955465587053,0.8425632610892074,0.1073869900771776,0.0536780846393384,0.0009703861416671438,0.9,0.8223819301848049,0.8057171142594254,0.25689655172413783,0.5463800904977376,0.08742971159078541,0.2719101123595506,0.5153643546971026,0.026694766420793818
2019,云南,0.06792452830188679,0.07754279959718026,0.37566137566137575,0.01952214211015731,0.08530405405405404,0.3927125506072873,0.768830192119237,0.10496141124586544,0.028459849915769053,0.0005142769561451941,0.8588235294117647,0.8470225872689938,0.6479506280707678,0.41666666666666663,0.5237556561085973,0.07690912388898966,0.32359550561797756,0.4503950834064969,0.023884791008078683
2019,陕西,0.2179245283018868,0.20745216515609266,0.5211640211640213,0.025217364910915568,0.2660472972972973,0.43319838056680154,0.7963034709086351,0.33693495038588755,0.046888559906069736,0.0008475875147958497,0.1411764705882353,0.29774127310061604,0.8368090594903795,0.16091954022988508,0.36085972850678727,0.09686196263377471,0.597752808988764,0.23002633889376645,0.030909729539866527
2019,甘肃,0.07641509433962262,0.11782477341389727,0.23280423280423274,0.00528408510826166,0.23479729729729729,0.20647773279352236,0.917215524510586,0.09570011025358331,0.012966460768798814,0.0002340560294125794,0.4411764705882353,0.419917864476386,0.9118290138435053,0.096551724137931,0.41515837104072395,0.041719571920914196,0.5550561797752808,0.27480245829675154,0.015454864769933265
2019,青海,0.0009433962264150952,0.23464249748237664,0.15873015873015875,0.0024364737078825306,0.35979729729729726,0.10931174089068839,0.9898660710894354,0.25071664829106954,2.552452907243852e-05,0.0,0.8058823529411765,0.6396303901437372,0.9792571884022715,0.557471264367816,0.6176470588235294,0.001995283874478505,0.9775280898876403,0.8542581211589113,0.018967334035827187
2019,宁夏,0.19716981132075476,0.25679758308157097,0.2566137566137567,0.0038602794080720955,0.7136824324324326,0.125506072874494,0.9733319659366287,0.3464167585446527,0.025499004543366174,0.0004607256752539531,0.43529411764705883,0.419917864476386,0.995397457909328,0.49022988505747106,0.8812217194570136,0.036277888626881916,0.8269662921348314,0.636523266022827,0.02107481559536354
2019,新疆,0.008490566037735847,0.17623363544813697,0.2804232804232803,0.006707890808451225,0.4695945945945946,0.1619433198380567,0.8900575066280757,0.17023153252480702,0.001863290622288019,3.323872607042548e-05,0.5411764705882353,0.38295687885010266,0.7369573257324085,0.8977011494252873,0.3846153846153847,0.12824233629602758,0.1932584269662921,0.46444249341527655,0.013347383210396909
2020,北京,0.7754716981132075,0.9254783484390735,0.8412698412698413,0.12874128401888474,0.3834459459459459,0.979757085020243,0.8351109490492794,0.9558985667034179,0.33863392720404306,0.811984222684692,0.4764705882352941,0.624229979466119,0.7850525492351047,0.09195402298850582,0.23529411764705876,0.1569018683112643,0.42247191011235957,0.23266022827041258,0.19142957499121885
2020,天津,0.9207547169811321,0.7240684793554883,0.8174603174603173,0.019629755331683263,0.8817567567567567,0.57085020242915,0.9214848408882002,0.8941565600882029,0.29542089948440453,0.4736186077774926,0.2411764705882353,0.48357289527720737,0.9264134097464383,0.23965517241379317,0.5938914027149322,0.06802104117540358,0.011235955056179785,0.09043020193151885,0.08113804004214964
2020,河北,0.3641509433962264,0.12789526686807653,0.4920634920634919,0.04635094603058975,0.2804054054054054,0.3076923076923078,0.4175269870932944,0.35104740904079385,0.0988309765684823,0.22770281624339614,0.2,0.44045174537987675,0.8705309572533944,0.3448275862068965,0.6979638009049773,0.1679666243424633,0.5550561797752808,0.13959613696224757,0.022128556375131718
2020,山西,0.3490566037735849,0.1389728096676737,0.46825396825396837,0.024083287114834345,0.35641891891891897,0.34412955465587053,0.7665511976116137,0.3395810363836824,0.05477563938945326,0.24074439973630612,0.25882352941176473,0.44045174537987675,0.829394754677213,0.27816091954022987,0.6334841628959276,0.09142027933974242,0.6674157303370786,0.29323968393327476,0.02353354408148929
2020,内蒙古,0.0830188679245283,0.19436052366565965,0.34391534391534395,0.012949457656956643,0.5920608108108107,0.21052631578947384,0.8116866838350919,0.5144432194046308,0.003113992546837511,0.33853088523960506,0.6,0.6139630390143738,0.8197866820001909,0.3666666666666666,0.7183257918552035,0.11300562307273715,0.38202247191011235,0.3546971027216857,0.012996136283807518
2020,辽宁,0.3886792452830189,0.35850956696878145,0.7169312169312169,0.021856521223258804,0.5422297297297297,0.38866396761133615,0.7165386631418218,0.528335170893054,0.07100923987952422,0.28030310024984445,0.6588235294117647,0.646817248459959,0.5441607657317485,0.7879310344827584,0.592760180995475,0.25702884092145833,0.08089887640449435,0.12467076382791921,0.015454864769933265
2020,吉林,0.22169811320754718,0.3031218529707956,0.5423280423280423,0.015176223548532184,0.48902027027027023,0.2874493927125507,0.8622005970965609,0.42359426681367146,0.030603910357853897,0.24049510929077794,0.7352941176470589,0.7114989733059549,0.8885928959524468,0.22298850574712636,0.57579185520362,0.15672047886812987,0.5842696629213482,0.302019315188762,0.02564102564102564
2020,黑龙江,0.10566037735849056,0.36253776435045315,0.5185185185185184,0.017402989440107725,0.4037162162162162,0.2591093117408907,0.8371278591885261,0.47320837927232634,0.015033947623666343,0.2037801664521538,0.6705882352941176,0.646817248459959,0.8175171144115507,0.613793103448276,0.6018099547511312,0.11844730636676945,0.397752808988764,0.266900790166813,0.018616087109237796
2020,上海,0.7141509433962264,0.5387713997985901,0.8412698412698413,0.13542158169361135,0.20777027027027023,0.8906882591093122,0.895686623061905,0.9955898566703417,0.999591607534841,0.7719223247903652,0.7705882352941177,0.7659137577002053,0.4023864331040463,0.13850574712643676,0.40271493212669685,0.2873208779249048,0.3932584269662921,0.31870061457418786,0.2876712328767123
2020,江苏,0.339622641509434,0.37865055387714,0.7169312169312169,0.18441043130827325,0.7179054054054054,0.6558704453441295,0.36602550954518864,0.6458654906284453,0.199780489049977,0.56942000269603,0.6411764705882353,0.7227926078028748,0.33405013483032375,0.24022988505747123,0.49208144796380093,0.543442771630691,0.15056179775280898,0.16154521510096573,0.05830698981383913
2020,浙江,0.25566037735849056,0.4169184290030211,0.7407407407407408,0.1755033677419711,0.5219594594594594,0.607287449392713,0.4354246906264956,0.6119073869900773,0.1544234008882536,0.479343055045177,0.6941176470588235,0.7330595482546202,0.620210058064033,0.6160919540229886,0.49321266968325783,0.3141665155087974,0.12808988764044946,0.2080772607550483,0.083245521601686
2020,安徽,0.3264150943396226,0.13595166163141995,0.5925925925925924,0.07307213672949624,0.41469594594594594,0.3927125506072873,0.6976344037010871,0.31267916207276736,0.10916841084281995,0.29206591608698945,0.7352941176470589,0.6139630390143738,0.7352395100938165,0.6160919540229886,0.6866515837104071,0.20551423907128605,0.2966292134831461,0.14047410008779626,0.04531085353003161
2020,福建,0.2584905660377359,0.24874118831822759,0.5687830687830688,0.06416507316319407,0.34712837837837834,0.3643724696356276,0.7877116616148955,0.5424476295479603,0.08359283271223646,0.48460123684992906,0.9941176470588236,0.9065708418891171,0.6935793456764898,0.45000000000000007,0.7171945701357467,0.12534010520587702,0.2539325842696629,0.21071115013169442,0.048823322795925536
2020,江西,0.24622641509433965,0.07351460221550855,0.4444444444444444,0.035217116572712044,0.30743243243243246,0.2672064777327936,0.8041584053115766,0.3592061742006615,0.06700188881515136,0.2637852999887358,0.8705882352941177,0.6683778234086242,0.7787382847981397,0.5678160919540228,0.8133484162895928,0.1286051151822964,0.5528089887640449,0.12467076382791921,0.03547593958552863
2020,山东,0.3820754716981132,0.36757301107754287,0.6666666666666667,0.09088626386210055,0.6655405405405406,0.4170040485829962,0.16627543927619126,0.4167585446527012,0.16225943131349224,0.3376537521905244,0.13529411764705881,0.4948665297741274,0.5390185519914594,0.6522988505747125,0.57579185520362,0.4658080899691638,0.16179775280898875,0.016681299385425806,0.029504741833508957
2020,河南,0.3367924528301887,0.11077542799597181,0.6428571428571428,0.06639183905476961,0.16469594594594592,0.4493927125506074,0.41908050168265765,0.24873208379272327,0.1498800347133595,0.25147773836321435,0.20588235294117646,0.4948665297741274,0.5701099196202684,0.5660919540229883,0.7319004524886876,0.21023036459278072,0.15056179775280898,0.08691834942932394,0.02809975412715139
2020,湖北,0.2339622641509434,0.20845921450151056,0.7671957671957672,0.09533979564525163,0.4501689189189189,0.6194331983805671,0.7086191572278311,0.4132304299889747,0.07680330797896778,0.3456356629371585,0.5823529411764706,0.6570841889117043,0.5320025152722896,0.10344827586206899,0.3766968325791854,0.18066388536187195,0.24719101123595502,0.31870061457418786,0.042500878117316475
2020,湖南,0.21886792452830192,0.2014098690835851,0.6164021164021164,0.04857771192216529,0.25591216216216217,0.5182186234817816,0.6912380257830245,0.3221609702315325,0.0780029608453724,0.2896191765290276,0.6,0.4620123203285421,0.574317939704823,0.5505747126436782,0.6266968325791855,0.13567930346453835,0.18876404494382024,0.19490781387181735,0.0505795574288725
2020,广东,0.22735849056603777,0.35045317220543815,0.8412698412698413,0.29574872588705026,0.3783783783783784,0.7530364372469638,0.19534401422092573,0.6615214994487322,0.17724232987901373,0.4157878409046843,0.8294117647058824,0.8418891170431212,0.12516883512146093,0.2649425287356321,0.31221719457013575,0.9419553781969889,0.3348314606741573,0.10272168568920104,0.1015103617843344
2020,广西,0.17735849056603775,0.03021148036253775,0.5423280423280423,0.0329903506811365,0.3234797297297297,0.46963562753036453,0.7667487104689411,0.22160970231532534,0.0522231864822094,0.20462498407311044,1.0,0.8305954825462012,0.7970350133230215,0.5224137931034482,0.84841628959276,0.12425176854707055,0.040449438202247175,0.2756804214223002,0.03617843343870741
2020,海南,0.2358490566037736,0.22457200402819738,0.39417989417989396,0.008495925873805562,0.34206081081081086,0.24696356275303655,0.9786192331943147,0.3554575523704521,0.07090714176323445,0.2572806659563428,0.9823529411764705,0.9722792607802875,0.9571738540953754,0.3097701149425287,0.6651583710407241,0.020859785960457098,0.23595505617977527,0.12291483757682176,0.048823322795925536
2020,重庆,0.24433962264150946,0.25579053373615307,0.6666666666666667,0.04412418013901421,0.43665540540540543,0.5506072874493929,0.8600013673967045,0.5581036383682468,0.09732502935320841,0.361890323283543,0.8,0.7002053388090349,0.7908517355041171,0.07586206896551725,0.2816742081447965,0.11699619082169417,0.5910112359550561,0.31870061457418786,0.0821917808219178
2020,四川,0.07264150943396226,0.1661631419939577,0.6164021164021164,0.05525800959689191,0.3293918918918919,0.5627530364372471,0.5949846927535571,0.27739801543550163,0.04188575220787176,0.27264434378445057,0.5588235294117647,0.635523613963039,0.6179624878510259,0.2281609195402298,0.5814479638009049,0.22546707781607112,0.23820224719101118,0.31606672519754164,0.0505795574288725
2020,贵州,0.17830188679245282,0.028197381671701896,0.41798941798941797,0.026310053006409886,0.2052364864864865,0.4170040485829962,0.825592348655773,0.19845644983461963,0.053831231813773035,0.2190376650164255,1.0,0.8737166324435318,0.8019943257852591,0.3201149425287356,0.6753393665158369,0.09178305822601124,0.25842696629213485,0.5021949078138719,0.03266596417281349
2020,云南,0.07075471698113207,0.08257804632426988,0.4444444444444444,0.030763584789560965,0.12162162162162161,0.4655870445344133,0.7467999118788791,0.15214994487320835,0.028510898973913932,0.2464734634937225,0.9823529411764705,0.8963039014373717,0.6653489339855141,0.48620689655172394,0.6538461538461539,0.08180663885361872,0.30786516853932583,0.43810359964881473,0.02915349490691957
2020,陕西,0.22641509433962267,0.20342396777442096,0.5925925925925924,0.039670648355863126,0.27871621621621623,0.5060728744939275,0.7755114443507525,0.40815876515986765,0.04704170708050436,0.30691716355484483,0.21764705882352942,0.4075975359342917,0.8702950757878606,0.22068965517241376,0.503393665158371,0.10828949755124251,0.5752808988764044,0.22212467076382794,0.03793466807165437
2020,甘肃,0.0830188679245283,0.11782477341389727,0.2936507936507935,0.008495925873805562,0.2592905405405405,0.27935222672064774,0.9062953424948912,0.1781697905181918,0.012915411710653938,0.17205103252409348,0.5411764705882353,0.5164271047227926,0.9150587934010828,0.15344827586206905,0.5531674208144797,0.0437148557953927,0.5325842696629214,0.2660228270412643,0.018967334035827187
2020,青海,0.009433962264150941,0.24773413897280966,0.2195767195767195,0.004042394090654482,0.39695945945945943,0.1821862348178138,0.9865349407841261,0.3512679162072767,2.552452907243852e-05,0.2397841698720494,0.9235294117647059,0.7114989733059549,0.9821084273889008,0.6327586206896552,0.7420814479638009,0.00399056774895701,0.946067415730337,0.8349429323968393,0.023182297154899896
2020,宁夏,0.21132075471698117,0.23564954682779454,0.32010582010582,0.006269159982230022,0.7567567567567568,0.19838056680161942,0.9688081618389967,0.458875413450937,0.025652151717800806,0.25839785647148766,0.5352941176470588,0.5164271047227926,0.9980582750619024,0.5626436781609196,0.9852941176470587,0.03754761472882278,0.797752808988764,0.62071992976295,0.025992272567615035
2020,新疆,0.014150943396226412,0.18429003021148038,0.34391534391534395,0.010722691765381102,0.5489864864864865,0.2348178137651824,0.8794525855192689,0.27298787210584347,0.001914339680432896,0.2541737683667044,0.6411764705882353,0.48357289527720737,0.7988806215338143,0.986206896551724,0.5260180995475113,0.1362234717939416,0.18202247191011237,0.4521510096575943,0.01685985247629083
2021,北京,0.8330188679245283,0.8851963746223565,0.8941798941798942,0.18315494372380378,0.38682432432432434,0.9595141700404858,0.8288627057742124,0.9558985667034179,0.33863392720404306,0.9352952799162384,0.4823529411764706,0.6478439425051334,0.7636047061630711,0.029310344827586293,0.04751131221719462,0.15762742608380192,0.40898876404494383,0.21949078138718173,0.28521250439058665
2021,天津,0.9207547169811321,0.796576032225579,0.8677248677248677,0.028073254251412078,0.9231418918918919,0.5506072874493929,0.9101392465644158,0.8981256890848952,0.2924345295829292,0.5410701392517964,0.24705882352941178,0.5123203285420944,0.9155836318068272,0.17126436781609194,0.4389140271493214,0.07237438781062942,0.0067415730337078705,0.08165057067603158,0.12153143659992975
2021,河北,0.3745283018867925,0.25478348439073517,0.5396825396825395,0.06605244350995698,0.2922297297297297,0.2874493927125507,0.3869770657186049,0.3746416758544653,0.09862678033590279,0.25536482271756133,0.20588235294117646,0.47022587268993843,0.8355011184513066,0.27126436781609187,0.5520361990950226,0.17286413930709235,0.5415730337078651,0.12993854258121157,0.03477344573234985
2021,山西,0.3490566037735849,0.31419939577039274,0.513227513227513,0.03440311912783623,0.36655405405405406,0.3238866396761134,0.7488358136390225,0.40463065049614116,0.05462249221501863,0.30623853956424035,0.2647058823529412,0.47022587268993843,0.824803481319401,0.20804597701149427,0.4819004524886876,0.09142027933974242,0.649438202247191,0.27919227392449514,0.0365296803652968
2021,内蒙古,0.0830188679245283,0.337361530715005,0.3862433862433861,0.01857845693677585,0.6275337837837838,0.19028340080971676,0.7958286803862136,0.5303197353914003,0.003113992546837511,0.4151553818113998,0.611764705882353,0.6375770020533881,0.7970067572230309,0.29252873563218385,0.5746606334841629,0.11717758026482858,0.3707865168539326,0.3388937664618085,0.02107481559536354
2021,辽宁,0.3952830188679245,0.3977844914400806,0.7671957671957672,0.031238186689624154,0.7086148648648649,0.3684210526315791,0.6908012185023967,0.6319735391400221,0.07057532288529277,0.3107580830118718,0.6705882352941176,0.6694045174537988,0.5144668376320154,0.695977011494253,0.43778280542986425,0.25666606203518955,0.07415730337078653,0.11501316944688322,0.02458728486125747
2021,吉林,0.23113207547169815,0.3313192346424975,0.5899470899470899,0.021743389374987928,0.5160472972972973,0.2672064777327936,0.8511512720587677,0.4112458654906284,0.030272091479912198,0.2610338721084617,0.7411764705882353,0.7320328542094456,0.8777046962192778,0.15459770114942534,0.4185520361990951,0.16016687828768364,0.5685393258426966,0.28797190517998245,0.039690902704601336
2021,黑龙江,0.11320754716981132,0.4672708962739174,0.5634920634920635,0.024908321813200004,0.4375,0.23886639676113358,0.8237311698078807,0.4906284454244764,0.014804226862014394,0.22587930279925475,0.6823529411764706,0.6694045174537988,0.7992053254068604,0.5298850574712645,0.44796380090497745,0.12116814801378559,0.38426966292134834,0.25373134328358204,0.02915349490691957
2021,上海,0.7141509433962264,0.5377643504531722,0.8941798941798942,0.19264974103844,0.22212837837837834,0.8704453441295551,0.8898675904191071,0.9955898566703417,1.0,0.8728018584141065,0.7764705882352941,0.784394250513347,0.37111339505228746,0.07471264367816095,0.23076923076923073,0.29929258117177576,0.3797752808988764,0.3037752414398595,0.42781875658587987
2021,江苏,0.35660377358490564,0.45518630412890226,0.7671957671957672,0.26227825467910565,0.7390202702702703,0.6356275303643724,0.32374256478041885,0.6568908489525909,0.2004441268058604,0.6505224943078681,0.6529411764705882,0.7422997946611909,0.3623943235498388,0.17126436781609194,0.3280542986425339,0.5590422637402503,0.1438202247191011,0.151009657594381,0.08816297857393747
2021,浙江,0.2650943396226415,0.527693856998993,0.7936507936507937,0.24961852492625736,0.5692567567567568,0.5870445344129559,0.3828179007421926,0.6295479603087101,0.1561590688651794,0.5418364765473089,0.7058823529411765,0.7525667351129364,0.6036562023078564,0.531609195402299,0.3291855203619908,0.3210593143479049,0.12134831460674157,0.19666374012291485,0.12504390586582367
2021,安徽,0.33301886792452834,0.2900302114803625,0.6402116402116403,0.10403163276850189,0.45439189189189183,0.37246963562753027,0.6716804545834378,0.33605292171995593,0.10929603348818213,0.3254708357877671,0.7411764705882353,0.6375770020533881,0.7427576122954587,0.531609195402299,0.5407239819004523,0.22020678396517324,0.2876404494382022,0.1308165057067603,0.06919564453811028
2021,福建,0.2745283018867925,0.3202416918429003,0.6137566137566138,0.09137190301565358,0.441722972972973,0.34412955465587053,0.7712231363522414,0.5633958103638369,0.08412884782275766,0.5468684503551927,1.0,0.919917864476386,0.6724674072738452,0.3729885057471263,0.573529411764706,0.13549791402140393,0.2449438202247191,0.19929762949956098,0.07411310151036178
2021,江西,0.2632075471698113,0.17119838872104737,0.4867724867724866,0.0502277813188966,0.37499999999999994,0.24696356275303655,0.7845970357878105,0.3847850055126792,0.06697636428607891,0.3049182235008873,0.8823529411764706,0.6899383983572895,0.7767814093154817,0.48563218390804586,0.6787330316742082,0.1331398512606566,0.5393258426966293,0.11501316944688322,0.05444327362135581
2021,山东,0.39999999999999997,0.48841893252769386,0.7169312169312169,0.1293510922741985,0.7145270270270271,0.3967611336032391,0.09986553932405007,0.43638368246968023,0.16233600490070957,0.38506971822793273,0.1411764705882353,0.5225872689938398,0.5127986260956201,0.5660919540229883,0.4185520361990951,0.4830400870669327,0.15280898876404492,0.010535557506584694,0.04531085353003161
2021,河南,0.3367924528301887,0.2004028197381672,0.6904761904761904,0.09453683545386567,0.19932432432432431,0.4291497975708503,0.370215061115036,0.2712238147739802,0.14898667619582417,0.26998524569881655,0.21176470588235294,0.5225872689938398,0.5307833632170966,0.4833333333333333,0.5893665158371042,0.22129512062397969,0.14157303370786514,0.07813871817383666,0.04320337197049526
2021,湖北,0.2339622641509434,0.25377643504531716,0.8174603174603173,0.13568095715062264,0.48648648648648646,0.59919028340081,0.6830906204182714,0.4524807056229328,0.07797743631629996,0.39662479202713763,0.5941176470588235,0.6796714579055441,0.44555461779493843,0.040229885057471215,0.20135746606334837,0.19426809359695266,0.23820224719101118,0.3037752414398595,0.06427818756585879
2021,湖南,0.23301886792452833,0.324269889224572,0.6666666666666667,0.06921737594816905,0.3099662162162162,0.49797570850202455,0.6629595022675996,0.35633958103638375,0.077747715554648,0.31892003685805403,0.611764705882353,0.4917864476386037,0.5525074287359141,0.468390804597701,0.47398190045248867,0.16578995102485036,0.1797752808988764,0.18349429323968391,0.07657182999648753
2021,广东,0.24811320754716984,0.36153071500503525,0.8941798941798942,0.42052487658970944,0.4856418918918919,0.7327935222672066,0.12896829918639896,0.6615214994487322,0.17808463933840418,0.4642932985188455,0.8411764705882353,0.8572895277207393,0.16353818644413576,0.1954022988505746,0.13235294117647056,0.9553781969889352,0.32359550561797756,0.09394205443371377,0.1520899192132069
2021,广西,0.17735849056603775,0.10976837865055386,0.5899470899470899,0.04706284888068453,0.3538851351351351,0.4493927125506074,0.7375130092603144,0.27453142227122385,0.05240185818571647,0.23194537030710738,1.0,0.8470225872689938,0.7776084732167593,0.4413793103448275,0.7160633484162895,0.12679122075095228,0.03595505617977526,0.2616330114135206,0.055497014401123985
2021,海南,0.2358490566037736,0.3121852970795569,0.43650793650793657,0.012248592060351702,0.5211148648648649,0.22672064777327944,0.9719531742595167,0.4165380374862183,0.07146868140282811,0.29455420405253935,0.9941176470588236,0.9835728952772074,0.9512135573539602,0.23850574712643666,0.5169683257918551,0.02212951206239797,0.22696629213483147,0.11325724319578577,0.07411310151036178
2021,重庆,0.24433962264150946,0.29506545820745217,0.7169312169312169,0.06288751107174491,0.5076013513513513,0.5303643724696357,0.8447928773824989,0.5770672546857771,0.09742712746949818,0.40372495323495905,0.8117647058823529,0.7217659137577002,0.7907233087781789,0.014367816091954021,0.09841628959276016,0.12189370578632322,0.5752808988764044,0.3037752414398595,0.1232876712328767
2021,四川,0.07830188679245281,0.22658610271903323,0.6666666666666667,0.07871217326280529,0.3842905405405406,0.5425101214574899,0.564989326709056,0.30099228224917307,0.041911276736944204,0.3039672266160946,0.5705882352941176,0.6591375770020533,0.6020773683992221,0.16034482758620683,0.42533936651583715,0.24179212769816796,0.22921348314606735,0.302019315188762,0.07622058306989814
2021,贵州,0.17830188679245282,0.12688821752265858,0.462962962962963,0.037568051566048304,0.2550675675675676,0.3967611336032391,0.8095786139155404,0.1620727673649394,0.05372913369748328,0.23871314425422457,1.0,0.8891170431211499,0.7728761239295294,0.2482758620689655,0.5271493212669682,0.1690549610012697,0.24943820224719102,0.4828797190517998,0.049877063575693714
2021,云南,0.0820754716981132,0.18429003021148038,0.4867724867724866,0.04389791644247246,0.14949324324324326,0.44534412955465624,0.725229228864225,0.18412348401323045,0.028306702741334424,0.274541721064304,0.9941176470588236,0.9096509240246407,0.653429233212091,0.40689655172413797,0.5045248868778279,0.0852530382731725,0.29887640449438196,0.4205443371378402,0.04495960660344221
2021,陕西,0.22641509433962267,0.2980866062437059,0.6402116402116403,0.056557646195320756,0.34037162162162155,0.4858299595141704,0.7540812993307353,0.4002205071664829,0.04701618255143193,0.35579194034756634,0.2235294117647059,0.43942505133470233,0.8683512074698153,0.1528735632183908,0.340497737556561,0.1269726101940867,0.5595505617977529,0.2098331870061457,0.05760449596066034
2021,甘肃,0.08679245283018867,0.24068479355488417,0.3359788359788361,0.012248592060351702,0.32685810810810806,0.2591093117408907,0.8956372448475732,0.1775082690187432,0.01286436265250906,0.1966338403470123,0.5529411764705883,0.5441478439425051,0.9222166383405641,0.08850574712643672,0.39479638009049767,0.045347360783602395,0.5168539325842696,0.2519754170324846,0.02985598876009835
2021,青海,0.009433962264150941,0.49647532729103727,0.2592592592592592,0.0059187271839275515,0.4037162162162162,0.1619433198380567,0.9833405501492741,0.3164277839029769,2.552452907243852e-05,0.26780626254531087,0.9352941176470588,0.7320328542094456,0.9755819528339257,0.5477011494252871,0.6006787330316743,0.0045347360783602395,0.9235955056179773,0.8059701492537312,0.03617843343870741
2021,宁夏,0.21132075471698117,0.35649546827794565,0.35978835978835966,0.009083659622139627,0.7702702702702704,0.1781376518218623,0.9640184750488084,0.43880926130099224,0.02580529889223544,0.2971071228743373,0.5470588235294118,0.5441478439425051,0.9936105088297249,0.4804597701149426,0.8665158371040723,0.037910393615091596,0.7775280898876404,0.597892888498683,0.04039339655778012
2021,新疆,0.014150943396226412,0.2688821752265861,0.3862433862433861,0.015413524498563777,0.49324324324324326,0.21457489878542532,0.8634578423999331,0.2613009922822492,0.001914339680432896,0.2993738193327511,0.6529411764705882,0.5123203285420944,0.7806775749738382,0.8856321839080459,0.3642533936651584,0.1440232178487212,0.1752808988764045,0.433713784021071,0.026694766420793818
2022,北京,0.8330188679245283,0.9053373615307151,0.9470899470899471,0.28718105786556075,0.4104729729729729,0.9392712550607287,0.8245478095064458,0.9574421168687981,0.3378426668027975,0.9558617416723142,0.4647058823529412,0.6837782340862423,0.8457172933826393,0.05977011494252868,0.14140271493212664,0.15853437329947398,0.4022471910112359,0.2071992976294995,0.4517035475939586
2022,天津,1.0,0.6847935548841895,0.9206349206349206,0.044215237480305404,0.9738175675675677,0.5303643724696357,0.8989151986143713,0.9031973539140022,0.2902904691408444,0.5618166441074203,0.23529411764705882,0.555441478439425,0.9234347701095391,0.20402298850574715,0.5158371040723981,0.07527661890077997,0.004494382022471914,0.07374890254609305,0.1935370565507552
2022,河北,0.3849056603773585,0.2648539778449144,0.5846560846560845,0.1037170710440414,0.2998310810810811,0.2672064777327936,0.35962533330294666,0.3858875413450937,0.09824391239981621,0.2687295604917116,0.19411764705882353,0.5154004106776182,0.8518830239438084,0.30747126436781613,0.6255656108597283,0.17123163431888266,0.5325842696629214,0.11940298507462685,0.056550755180892164
2022,山西,0.3490566037735849,0.2809667673716012,0.5582010582010581,0.05413220974092807,0.39695945945945943,0.3036437246963563,0.7321079939530679,0.43682469680264613,0.05462249221501863,0.34017435558419834,0.2529411764705882,0.5154004106776182,0.8335988412180437,0.24195402298850577,0.5576923076923077,0.09450389987302739,0.6404494382022471,0.2651448639157155,0.05936073059360731
2022,内蒙古,0.0830188679245283,0.30614300100704933,0.42857142857142866,0.029339779089371402,0.625,0.17004048582995965,0.7819951837249406,0.5391400220507165,0.003113992546837511,0.45748859265387226,0.5882352941176471,0.6735112936344969,0.8040440935995102,0.3281609195402299,0.6459276018099547,0.11862869580990386,0.36629213483146067,0.32309043020193146,0.03547593958552863
2022,辽宁,0.3952830188679245,0.36555891238670696,0.8174603174603173,0.04917372361061673,0.7288851351351352,0.348178137651822,0.6725084892545409,0.6756339581036385,0.0700137832456991,0.3270819907042363,0.6529411764705882,0.7032854209445585,0.5665588380439541,0.7402298850574711,0.5147058823529411,0.26174496644295303,0.07191011235955057,0.10623353819139596,0.04039339655778012
2022,吉林,0.23113207547169815,0.3403826787512588,0.634920634920635,0.03429826521968273,0.5557432432432432,0.24696356275303655,0.841906151006176,0.43153252480705623,0.029914748072898054,0.2579454404777513,0.7235294117647059,0.7628336755646817,0.9327741153953402,0.18735632183908052,0.49660633484162897,0.16923635044440413,0.5617977528089887,0.2739244951712028,0.06427818756585879
2022,黑龙江,0.11320754716981132,0.4692849949647533,0.611111111111111,0.03925675134999407,0.4400337837837837,0.2186234817813765,0.8105927664714327,0.3823594266813672,0.014651079687579763,0.24366202124693237,0.6647058823529411,0.7032854209445585,0.792870255206438,0.5706896551724139,0.5248868778280542,0.12388898966080174,0.3797752808988764,0.2405618964003512,0.048120828942746746
2022,上海,0.7141509433962264,0.527693856998993,0.9470899470899471,0.3020565162564947,0.23817567567567566,0.850202429149798,0.8774052887865873,0.9962513781697905,0.9943590790749911,0.9063683552555042,0.7588235294117647,0.8121149897330595,0.4879525311550922,0.1057471264367816,0.3167420814479638,0.30183203337565756,0.37528089887640453,0.28884986830553117,0.6761503336845803
2022,江苏,0.35660377358490564,0.45518630412890226,0.8174603174603173,0.41114321112334407,0.7592905405405406,0.6153846153846153,0.2813190820210123,0.6674751929437707,0.20067384756751236,0.6752991946995311,0.6294117647058823,0.7731006160164271,0.39557533905629116,0.2045977011494252,0.409502262443439,0.5686559042263739,0.13932584269662918,0.14135206321334498,0.14085001756234636
2022,浙江,0.3009433962264151,0.5246727089627392,0.8439153439153437,0.39130926660209875,0.6351351351351351,0.5668016194331987,0.33859781064594296,0.6445424476295478,0.15705242738271477,0.5668993993023561,0.6882352941176471,0.7823408624229979,0.6182437800958188,0.5724137931034481,0.4106334841628959,0.33303101759477594,0.11685393258426967,0.18525021949078133,0.19915700737618547
2022,安徽,0.33301886792452834,0.2799597180261833,0.6878306878306879,0.1632189046077774,0.47804054054054057,0.35222672064777344,0.6470749105494655,0.3528114663726571,0.10955127877890652,0.3429765648515245,0.7235294117647059,0.6735112936344969,0.7652171630520794,0.5729885057471265,0.6142533936651582,0.22891347723562488,0.28089887640449435,0.1211589113257243,0.11099402880224797
2022,福建,0.289622641509434,0.3272910372608258,0.6613756613756614,0.14338496008653207,0.4847972972972973,0.3238866396761134,0.7539749462537129,0.5724366041896362,0.08412884782275766,0.5742627004249018,0.9823529411764705,0.9404517453798767,0.6922211980145634,0.40977011494252863,0.6447963800904977,0.15399963722111373,0.2404494382022472,0.18788410886742754,0.11907270811380401
2022,江西,0.25754716981132075,0.17623363544813697,0.5317460317460316,0.07892464039248473,0.40456081081081074,0.22672064777327944,0.7673488456892819,0.395148842337376,0.06712951146051355,0.3218145759200203,0.8588235294117647,0.7238193018480493,0.7386312182418031,0.5247126436781608,0.745475113122172,0.13495374569200072,0.5303370786516854,0.10623353819139596,0.0874604847207587
2022,山东,0.4056603773584906,0.4833836858006042,0.7645502645502644,0.20288679365026807,0.7297297297297298,0.376518218623482,0.04776012823142417,0.44961411245865507,0.1622083822553474,0.4066010263379973,0.12941176470588237,0.5657084188911704,0.49311370728583315,0.6074712643678158,0.49660633484162897,0.4977326319608198,0.15056179775280898,0.004389815627743619,0.07341060765718299
2022,河南,0.34811320754716985,0.18932527693857,0.7407407407407408,0.1483434462168434,0.22804054054054052,0.40890688259109326,0.33091380083107325,0.28489525909592067,0.1488080044923171,0.2749664381196484,0.2,0.5657084188911704,0.2692796318425389,0.5235632183908047,0.6606334841628959,0.23399238164338834,0.13932584269662918,0.07023705004389813,0.07024938531787847
2022,湖北,0.2537735849056604,0.2678751258811682,0.8703703703703702,0.21280376591089073,0.5076013513513513,0.5789473684210529,0.6606387261940032,0.4524807056229328,0.07818163254887946,0.4221539802451172,0.5705882352941176,0.713552361396304,0.5325265824575616,0.07068965517241381,0.28846153846153855,0.20279339742426994,0.23370786516853928,0.28884986830553117,0.10361784334387074
2022,湖南,0.24150943396226415,0.3313192346424975,0.7142857142857143,0.10867555717435273,0.320945945945946,0.47773279352226744,0.637279032490865,0.35633958103638375,0.07751799479299606,0.33520701263256253,0.5882352941176471,0.535934291581109,0.5576367226009871,0.5080459770114942,0.5497737556561085,0.1690549610012697,0.1752808988764045,0.17208077260755048,0.12258517737969793
2022,广东,0.24811320754716984,0.35045317220543815,0.9470899470899471,0.6590675176389107,0.47804054054054057,0.7125506072874496,0.06147207851895731,0.6756339581036385,0.1777017714023176,0.48341018249907214,0.8176470588235294,0.8809034907597536,0.3521406644625402,0.22931034482758608,0.22285067873303177,0.9675312896789408,0.31910112359550563,0.08516242317822649,0.24165788549350198
2022,广西,0.1820754716981132,0.11077542799597181,0.634920634920635,0.0739661542621734,0.3606418918918919,0.4291497975708503,0.7146812826181088,0.2535832414553473,0.05252948083107867,0.2416215327853868,1.0,0.8716632443531828,0.7738941815073994,0.4810344827586207,0.7828054298642533,0.13604208235080717,0.033707865168539304,0.24846356453028973,0.08921671935370566
2022,海南,0.2358490566037736,0.3031218529707956,0.48148148148148157,0.019422806828748734,0.5084459459459459,0.20647773279352236,0.9670001595296155,0.3858875413450937,0.07197917198427689,0.31070268513508775,0.9705882352941176,1.0,0.9609460216889134,0.27241379310344815,0.590497737556561,0.024487574823145293,0.22247191011235953,0.10359964881474976,0.11907270811380401
2022,重庆,0.29056603773584905,0.2980866062437059,0.7645502645502644,0.09875858491373007,0.5236486486486488,0.5101214574898787,0.8335612327840957,0.5911797133406834,0.09745265199857062,0.41335956730565043,0.788235294117647,0.7525667351129364,0.8352284404016711,0.04367816091954031,0.19004524886877816,0.12769816796662434,0.5662921348314606,0.2897278314310799,0.19669827889005975
2022,四川,0.08396226415094339,0.23262839879154076,0.7142857142857143,0.12355101556528673,0.4054054054054055,0.5222672064777328,0.538283309403891,0.31312017640573325,0.041911276736944204,0.317558172387113,0.5470588235294118,0.6940451745379876,0.6030408445887259,0.193103448275862,0.503393665158371,0.24904770542354435,0.22471910112359544,0.28709394205443367,0.12258517737969793
2022,贵州,0.1839622641509434,0.11782477341389727,0.5052910052910051,0.0590906958712394,0.3488175675675675,0.376518218623482,0.795251335110949,0.23506063947078287,0.05378018275562816,0.24634420178122643,1.0,0.9106776180698152,0.7732257145318493,0.28275862068965524,0.6006787330316743,0.17105024487574824,0.2449438202247191,0.46268656716417905,0.08043554618897085
2022,云南,0.08962264150943396,0.17522658610271907,0.5317460317460316,0.06900766813186207,0.1537162162162162,0.42510121457489913,0.707107424204441,0.1669239250275634,0.028332227270406858,0.2881972976915705,0.9705882352941176,0.9312114989733059,0.6801995606835494,0.44540229885057464,0.5791855203619909,0.10357337202974787,0.29213483146067415,0.40210711150131695,0.07270811380400422
2022,陕西,0.22641509433962267,0.2990936555891239,0.6878306878306879,0.0888416126531074,0.37162162162162166,0.4655870445344133,0.7367077645342874,0.4381477398015435,0.04704170708050436,0.3854759693243491,0.21176470588235294,0.48665297741273095,0.8888931869955768,0.18563218390804598,0.421945701357466,0.13440957736259748,0.550561797752809,0.19754170324846357,0.09308043554618897
2022,甘肃,0.09339622641509435,0.23665659617321247,0.37566137566137575,0.019422806828748734,0.33023648648648646,0.23886639676113358,0.8879000584941924,0.2213891951488423,0.01286436265250906,0.21399645822907762,0.5294117647058824,0.5852156057494866,0.9113257847411493,0.12011494252873561,0.47398190045248867,0.04824959187375294,0.5101123595505617,0.2388059701492537,0.049174569722514924
2022,青海,0.009433962264150941,0.45820745216515607,0.2989417989417989,0.009505834568126068,0.40962837837837834,0.14170040485829963,0.9813122450374895,0.38103638368246967,2.552452907243852e-05,0.2852842926706763,0.9117647058823529,0.7628336755646817,0.9730308217915906,0.5885057471264367,0.6708144796380089,0.005441683294032288,0.9123595505617976,0.7769973661106233,0.059009483667017915
2022,宁夏,0.21132075471698117,0.43202416918429004,0.4021164021164022,0.014464320698437401,0.7778716216216217,0.15789473684210523,0.959787141912988,0.4893054024255789,0.025907397008525193,0.3276867508591288,0.5235294117647059,0.5852156057494866,0.9960634141881645,0.5206896551724136,0.9264705882352939,0.03664066751315073,0.7685393258426966,0.5741878841088673,0.06568317527221637
2022,新疆,0.01886792452830189,0.25075528700906347,0.42857142857142866,0.024381292959060066,0.5692567567567568,0.1943319838056682,0.8508208178551623,0.30297684674751935,0.0018888151513604574,0.3309967739969753,0.6294117647058823,0.555441478439425,0.7836892059889101,0.9339080459770116,0.4445701357466063,0.1530926900054417,0.1707865168539326,0.4152765583845478,0.044257112750263436
2023,北京,0.8330188679245283,0.9013091641490433,1.0,0.43585838100047186,0.47381756756756754,1.0,0.8205025942554145,0.9625137816979051,0.33814896115166676,1.0,0.4470588235294118,0.660164271047228,0.8712668713283369,0.014942528735632272,0.0,0.15944132051514603,0.39101123595505616,0.19929762949956098,0.6684229012996136
2023,天津,1.0,0.5377643504531722,0.9735449735449735,0.06728585658744678,1.0,0.591093117408907,0.8879076551425511,0.9117971334068358,0.2904946653734239,0.5824985181067961,0.21764705882352942,0.526694045174538,0.9235928807363383,0.15459770114942534,0.3993212669683257,0.07672773444585523,0.0,0.06848112379280068,0.2876712328767123
2023,河北,0.3943396226415094,0.2749244712990937,0.6296296296296297,0.1575485156273713,0.3234797297297297,0.3279352226720649,0.32878673929062496,0.4112458654906284,0.09788656899280208,0.2850811671224681,0.17647058823529413,0.48562628336755653,0.8681384342680503,0.25459770114942526,0.5158371040723981,0.181570832577544,0.5191011235955055,0.11325724319578577,0.08535300316122234
2023,山西,0.3490566037735849,0.2658610271903323,0.6031746031746031,0.08232963309410087,0.3800675675675676,0.3643724696356276,0.7141685088538936,0.4597574421168688,0.054392771453366684,0.34694212953131554,0.23529411764705882,0.48562628336755653,0.8475320039820027,0.19137931034482766,0.4434389140271494,0.09649918374750589,0.6247191011235955,0.25548726953467954,0.08956796628029505
2023,内蒙古,0.0830188679245283,0.28700906344410876,0.4708994708994709,0.04472019182746565,0.6368243243243245,0.23076923076923092,0.766277718270699,0.5611907386990076,0.003113992546837511,0.4820437015383991,0.5705882352941176,0.6498973305954825,0.803607293130723,0.275287356321839,0.5384615384615383,0.1195356430255759,0.35280898876404493,0.31255487269534676,0.053740779768177024
2023,辽宁,0.40188679245283015,0.35850956696878145,0.8677248677248677,0.07480774484077382,0.7466216216216216,0.40890688259109326,0.653949877314129,0.6471885336273429,0.06975853795497472,0.34647124757865116,0.6294117647058823,0.6806981519507187,0.5795946340264475,0.6741379310344827,0.3981900452488688,0.2662797025213133,0.0651685393258427,0.09920983318700613,0.061468212153143666
2023,吉林,0.23113207547169815,0.35750251762336355,0.6825396825396826,0.052242080080792695,0.5971283783783784,0.3076923076923078,0.8330218707506247,0.45314222712238156,0.029787125427535862,0.2751510977089285,0.7,0.7422997946611909,0.9450554931743117,0.13965517241379308,0.38009049773755654,0.1706874659894794,0.546067415730337,0.2642669007901668,0.09694415173867228
2023,黑龙江,0.11320754716981132,0.43403826787512584,0.656084656084656,0.05976396833411974,0.4501689189189189,0.27935222672064774,0.7993573235488503,0.50606394707828,0.014446883455000255,0.24828774395839992,0.6411764705882353,0.6806981519507187,0.8049394486961081,0.5103448275862068,0.409502262443439,0.12951206239796842,0.36629213483146067,0.23178226514486389,0.07270811380400422
2023,上海,0.7141509433962264,0.5266868076535751,1.0,0.458424045760453,0.2364864864864865,0.9109311740890693,0.8674802677058882,1.0,0.9991832150696819,0.9541582569612048,0.7352941176470589,0.7936344969199178,0.5111769213053547,0.05977011494252868,0.18778280542986414,0.3031017594775983,0.3640449438202247,0.27919227392449514,1.0
2023,江苏,0.3830188679245283,0.43101711983887214,0.8677248677248677,0.6239055873336479,0.7702702702702704,0.6761133603238866,0.24065042503247558,0.6802646085997796,0.20092909285823674,0.7088656915409288,0.611764705882353,0.7525667351129364,0.3843027230865165,0.1551724137931034,0.28619909502262453,0.5737348086341374,0.13258426966292136,0.1343283582089552,0.20969441517386725
2023,浙江,0.3188679245283019,0.5206445115810675,0.8941798941798942,0.5938180343203397,0.6976351351351351,0.62753036437247,0.30148438508929853,0.6626240352811467,0.15827760477819183,0.5964033851795907,0.6647058823529411,0.7628336755646817,0.6195377397609256,0.5120689655172413,0.2873303167420814,0.32414293488118984,0.1101123595505618,0.1773485513608428,0.29574991218826835
2023,安徽,0.3405660377358491,0.2880161127895267,0.7354497354497355,0.2478111746672958,0.5,0.41295546558704443,0.6251585800344888,0.38257993384785005,0.10944918066261676,0.36369537076875635,0.7,0.6498973305954825,0.7688994174638342,0.5120689655172413,0.503393665158371,0.23417377108652276,0.2719101123595506,0.11413520632133448,0.1654373024236038
2023,福建,0.319811320754717,0.30916414904330314,0.708994708994709,0.21772362165398762,0.5076013513513513,0.38461538461538497,0.7385537500854623,0.5920617420066152,0.08402674970646791,0.6047730810637132,0.9588235294117647,0.9271047227926078,0.6860731797403137,0.35459770114942535,0.5373303167420815,0.14638128060946853,0.23146067415730337,0.179982440737489,0.17737969792764316
2023,江西,0.2688679245283019,0.17220543806646527,0.5767195767195767,0.11993907436073607,0.4003378378378379,0.2874493927125507,0.7517035483944483,0.41786108048511583,0.06695083975700647,0.3340805891379537,0.8352941176470589,0.7012320328542094,0.7240716269265834,0.4660919540229884,0.6447963800904977,0.13930709232722657,0.5168539325842696,0.09920983318700613,0.13101510361784335
2023,山东,0.430188679245283,0.460221550855992,0.8148148148148148,0.30798628069391215,0.7390202702702703,0.4372469635627533,0.005978562258331488,0.47078280044101434,0.1615702690285364,0.42958191222391084,0.11176470588235295,0.5369609856262834,0.5102470579497653,0.5465517241379311,0.38009049773755654,0.5122437874115726,0.14157303370786514,0.0,0.1099402880224798
2023,河南,0.3537735849056604,0.1701913393756294,0.7883597883597884,0.22524550990731465,0.25675675675675674,0.46963562753036453,0.2904388583756846,0.3076074972436605,0.1479401705038542,0.28512271553005614,0.18235294117647058,0.5369609856262834,0.22015372916283227,0.4643678160919541,0.5531674208144797,0.25267549428623254,0.13258426966292136,0.06496927129060577,0.1053740779768177
2023,湖北,0.25943396226415094,0.25679758308157097,0.9206349206349206,0.3230300572005662,0.5650337837837838,0.6396761133603242,0.6391516063112954,0.47078280044101434,0.0780795344325897,0.4490727318724298,0.5529411764705883,0.6909650924024641,0.5309208577446303,0.026436781609195447,0.158371040723982,0.2120442590241248,0.22471910112359544,0.27919227392449514,0.15454864769933266
2023,湖南,0.24150943396226415,0.3162134944612286,0.7619047619047619,0.16507040388069832,0.33108108108108103,0.5384615384615388,0.6196168250567848,0.3759647188533628,0.07708407779876461,0.3560920121801465,0.5705882352941176,0.5061601642710473,0.5450382688783919,0.45000000000000007,0.43665158371040735,0.17413386540903322,0.16853932584269662,0.16505706760316066,0.18299964875307342
2023,广东,0.2688679245283019,0.324269889224572,1.0,1.0,0.48733108108108103,0.7732793522267208,0.0,0.6890848952590961,0.1784164582163459,0.5010174743369337,0.7941176470588235,0.8655030800821355,0.396324935035423,0.17931034482758623,0.08710407239818996,1.0,0.30786516853932583,0.07989464442493412,0.35862311204776964
2023,广西,0.19811320754716982,0.1027190332326284,0.6825396825396826,0.11241718610740903,0.37162162162162166,0.4898785425101216,0.6959555444138046,0.278941565600882,0.052299760069426715,0.25252106504264715,0.9764705882352941,0.8552361396303901,0.7782477388302184,0.4229885057471264,0.6832579185520362,0.14275349174678034,0.026966292134831434,0.23968393327480242,0.1334738321039691
2023,海南,0.2358490566037736,0.297079556898288,0.5238095238095237,0.02967641532081157,0.504222972972973,0.2672064777327936,0.9613216648814543,0.40463065049614116,0.07312777579253663,0.3359179520512911,0.9470588235294117,0.9887063655030801,0.9601491280321889,0.22183908045977005,0.4796380090497736,0.026120079811354977,0.21348314606741572,0.09745390693590868,0.17737969792764316
2023,重庆,0.29056603773584905,0.3041289023162135,0.8148148148148148,0.15002662737404424,0.5456081081081082,0.57085020242915,0.8228195720048315,0.607497243660419,0.09678901424268721,0.44286816967261705,0.7647058823529411,0.7320328542094456,0.845943575700352,0.0,0.05316742081447956,0.1306003990567749,0.550561797752809,0.27919227392449514,0.2918861959957851
2023,四川,0.09622641509433963,0.20845921450151056,0.7619047619047619,0.18763606864067944,0.4282094594594595,0.5829959514170041,0.5101833071248965,0.33847850055126794,0.04188575220787176,0.338438555444965,0.5294117647058824,0.6704312114989733,0.5988229363314582,0.14425287356321848,0.3857466063348416,0.2521313259568293,0.21573033707865166,0.2774363476733977,0.18229715489989465
2023,贵州,0.2,0.10775427995971801,0.5502645502645502,0.08985152134742791,0.33445945945945943,0.4372469635627533,0.7836322614462499,0.25909592061742004,0.05393332993006279,0.25692981273671056,0.9882352941176471,0.8963039014373717,0.7642877171934682,0.23160919540229888,0.4909502262443438,0.17286413930709235,0.23595505617977527,0.4495171202809482,0.12047769582016157
2023,云南,0.09433962264150944,0.16112789526686808,0.5767195767195767,0.10489529785408198,0.19341216216216214,0.4858299595141704,0.6912000425412308,0.19294377067254684,0.028204604625044667,0.30222219349739726,0.9470588235294117,0.9168377823408624,0.6695070697465266,0.38908045977011485,0.4671945701357466,0.09305278432795211,0.28314606741573034,0.3906935908691835,0.10888654724271163
2023,陕西,0.22641509433962267,0.28700906344410876,0.7354497354497355,0.13498285086739015,0.38091216216216217,0.5263157894736846,0.7169868653949878,0.4641675854465271,0.04699065802235949,0.3968556165137378,0.19411764705882353,0.4548254620123203,0.8949410538923098,0.13735632183908048,0.29977375565610864,0.1362234717939416,0.5348314606741572,0.18964003511852504,0.13909378292939936
2023,甘肃,0.09339622641509435,0.23464249748237664,0.41798941798941797,0.02967641532081157,0.3454391891891892,0.29959514170040485,0.8768963133465515,0.25027563395810365,0.012711215478074429,0.2311744165218628,0.5117647058823529,0.5574948665297741,0.9133020427821438,0.07356321839080465,0.35520361990950233,0.05024487574823145,0.49662921348314604,0.23002633889376645,0.07446434843695118
2023,青海,0.009433962264150941,0.4662638469284995,0.33862433862433855,0.014632638814157484,0.4256756756756756,0.20242914979757087,0.9776582571769336,0.4112458654906284,2.552452907243852e-05,0.29911529590775887,0.888235294117647,0.7422997946611909,0.9698212408363003,0.5275862068965519,0.5644796380090498,0.005260293850897878,0.8898876404494381,0.7576821773485513,0.08886547242711626
2023,宁夏,0.21132075471698117,0.42799597180261834,0.4444444444444444,0.02215452706748453,0.7905405405405405,0.2186234817813765,0.9551911696559477,0.5104740904079382,0.02595844606667007,0.33994814758733016,0.5058823529411764,0.5574948665297741,0.9965149352303567,0.4614942528735632,0.8359728506787331,0.03736622528568837,0.748314606741573,0.5592625109745389,0.09870038637161925
2023,新疆,0.01886792452830189,0.23061430010070494,0.4708994708994709,0.037198303574138614,0.5988175675675675,0.2550607287449395,0.8303896320943199,0.3318632855567807,0.001914339680432896,0.34829937751252454,0.611764705882353,0.526694045174538,0.7921913619973804,0.8626436781609195,0.32466063348416274,0.15599492109559226,0.16179775280898875,0.4029850746268656,0.06673691605198455
