年份,省份,区域,低空经济指数,绿色交通指数,双系统综合发展指数,全国排名,时间衰减因子
2016,上海,东部,0.237523827877058,0.46434397141807654,0.35093389964756727,1.0,0.9
2016,云南,西部,0.15303325965845507,0.27388417526621056,0.2134587174623328,14.0,0.9
2016,内蒙古,西部,0.2013999436360535,0.2680727433930494,0.23473634351455144,7.0,0.9
2016,北京,东部,0.2575012172721603,0.40220634717690407,0.3298537822245322,2.0,0.9
2016,吉林,东北,0.09507821702152212,0.28664930789297904,0.1908637624572506,20.0,0.9
2016,四川,西部,0.2125828927263715,0.2314118190410959,0.2219973558837337,10.0,0.9
2016,天津,东部,0.0856155840659058,0.3529564885888733,0.21928603632738955,12.0,0.9
2016,宁夏,西部,0.032077289033561156,0.33408832478675216,0.18308280691015666,24.0,0.9
2016,安徽,中部,0.09532769706745119,0.2822426775620975,0.18878518731477434,23.0,0.9
2016,山东,东部,0.20622382365159178,0.2555711625073025,0.23089749307944712,9.0,0.9
2016,山西,中部,0.22197727273715992,0.2427434913114843,0.2323603820243221,8.0,0.9
2016,广东,东部,0.30837842522816405,0.3243146448180012,0.31634653502308263,3.0,0.9
2016,广西,西部,0.12500859797702826,0.2803623269527868,0.20268546246490754,17.0,0.9
2016,新疆,西部,0.1481956450885789,0.26108408572311254,0.20463986540584572,15.0,0.9
2016,江苏,东部,0.23444052719430464,0.31420070463634414,0.2743206159153244,4.0,0.9
2016,江西,中部,0.10757276215327158,0.28513134158643255,0.19635205186985205,18.0,0.9
2016,河北,东部,0.1465762229499313,0.23110511221621757,0.18884066758307444,22.0,0.9
2016,河南,中部,0.1100006334870264,0.22452239187989384,0.16726151268346012,28.0,0.9
2016,浙江,东部,0.1604731203043142,0.31930646173009236,0.23988979101720329,5.0,0.9
2016,海南,东部,0.07278417472670107,0.2863779814794709,0.179581078103086,26.0,0.9
2016,湖北,中部,0.10872239554313541,0.2532752939086421,0.18099884472588876,25.0,0.9
2016,湖南,中部,0.11320793800567654,0.24593615553947581,0.17957204677257618,27.0,0.9
2016,甘肃,西部,0.09739128886061922,0.20766978223314073,0.15253053554687998,30.0,0.9
2016,福建,东部,0.12359426703007066,0.31453285093744693,0.2190635589837588,13.0,0.9
2016,贵州,西部,0.11330730410479224,0.2696568487118819,0.19148207640833706,19.0,0.9
2016,辽宁,东北,0.1730511260816741,0.29783591824655004,0.23544352216411207,6.0,0.9
2016,重庆,西部,0.08525835320093957,0.2953859461386893,0.19032214966981442,21.0,0.9
2016,陕西,西部,0.09451402390464829,0.2359882041428394,0.16525111402374384,29.0,0.9
2016,青海,西部,0.07448220638457767,0.3343679056631393,0.20442505602385846,16.0,0.9
2016,黑龙江,东北,0.15978839245297594,0.2793512190929969,0.21956980577298643,11.0,0.9
2017,上海,东部,0.2461571012510629,0.4718142349810209,0.3589856681160419,1.0,0.9
2017,云南,西部,0.15726940430878297,0.27179871498932484,0.21453405964905392,14.0,0.9
2017,内蒙古,西部,0.17739966716221794,0.2716337436166773,0.22451670538944762,10.0,0.9
2017,北京,东部,0.24725875275432893,0.41433206744842827,0.3307954101013786,3.0,0.9
2017,吉林,东北,0.09158999680124888,0.28877288276958923,0.19018143978541907,22.0,0.9
2017,四川,西部,0.21726314402097643,0.2381291371997783,0.22769614061037735,8.0,0.9
2017,天津,东部,0.057194232682781544,0.36153776223361617,0.20936599745819887,17.0,0.9
2017,宁夏,西部,0.029182864753166865,0.3413722453918422,0.18527755507250454,24.0,0.9
2017,安徽,中部,0.0974301522987308,0.2870540073142375,0.19224207980648417,21.0,0.9
2017,山东,东部,0.21329222732742698,0.2607149309209463,0.23700357912418663,6.0,0.9
2017,山西,中部,0.20290444393535953,0.2507556687595192,0.22683005634743936,9.0,0.9
2017,广东,东部,0.36939143862028456,0.32814614176707685,0.3487687901936807,2.0,0.9
2017,广西,西部,0.12198826603784621,0.2831630514887329,0.20257565876328953,18.0,0.9
2017,新疆,西部,0.1703835400510611,0.26399679189326575,0.21719016597216342,12.0,0.9
2017,江苏,东部,0.23628628148337816,0.3195136323634189,0.27789995692339853,4.0,0.9
2017,江西,中部,0.09255698252935805,0.29198444201606627,0.19227071227271217,20.0,0.9
2017,河北,东部,0.12301257310789275,0.23888234579388487,0.1809474594508888,27.0,0.9
2017,河南,中部,0.10407072735519697,0.22951277075381263,0.1667917490545048,29.0,0.9
2017,浙江,东部,0.16319144952637185,0.3244651477670303,0.24382829864670108,5.0,0.9
2017,海南,东部,0.07101251492441588,0.29142145885875337,0.1812169868915846,26.0,0.9
2017,湖北,中部,0.11775722320139963,0.25860369532794303,0.18818045926467133,23.0,0.9
2017,湖南,中部,0.11594423533630925,0.2517397811488116,0.18384200824256045,25.0,0.9
2017,甘肃,西部,0.0999325242862138,0.21293142922825395,0.15643197675723386,30.0,0.9
2017,福建,东部,0.10758791376625902,0.322059117898517,0.214823515832388,13.0,0.9
2017,贵州,西部,0.14588146553060025,0.2742212749322703,0.21005137023143527,16.0,0.9
2017,辽宁,东北,0.1613544689855309,0.30272046624748467,0.2320374676165078,7.0,0.9
2017,重庆,西部,0.08940690394392614,0.30159235396725187,0.195499628955589,19.0,0.9
2017,陕西,西部,0.10772787391802675,0.24498006621332694,0.17635397006567685,28.0,0.9
2017,青海,西部,0.08331416886151767,0.3396680747038184,0.21149112178266802,15.0,0.9
2017,黑龙江,东北,0.15482780075844096,0.28324900083311716,0.21903840079577908,11.0,0.9
2018,上海,东部,0.2655661975241752,0.4856666295834969,0.375616413553836,1.0,0.9
2018,云南,西部,0.17755559021521525,0.2792684894148017,0.22841203981500846,12.0,0.9
2018,内蒙古,西部,0.19256400665379783,0.2793545897792985,0.23595929821654815,9.0,0.9
2018,北京,东部,0.2706932862250697,0.4203093330075772,0.34550130961632347,3.0,0.9
2018,吉林,东北,0.11276597470427714,0.3045777359034953,0.2086718553038862,20.0,0.9
2018,四川,西部,0.24857190827116837,0.24684861486259776,0.24771026156688308,6.0,0.9
2018,天津,东部,0.07178498007285539,0.3790125634101166,0.22539877174148598,14.0,0.9
2018,宁夏,西部,0.03924330211305069,0.3471378336165075,0.19319056786477912,25.0,0.9
2018,安徽,中部,0.10202759785515658,0.29719635939019434,0.19961197862267546,22.0,0.9
2018,山东,东部,0.22132627210224143,0.2689604167610673,0.24514334443165436,7.0,0.9
2018,山西,中部,0.22281267581743266,0.2609968663253279,0.2419047710713803,8.0,0.9
2018,广东,东部,0.4076470983843232,0.3407258537476073,0.3741864760659652,2.0,0.9
2018,广西,西部,0.13449865545675743,0.2913862756393658,0.21294246554806162,16.0,0.9
2018,新疆,西部,0.18621193568306196,0.26996201184684393,0.22808697376495296,13.0,0.9
2018,江苏,东部,0.23683375212288285,0.330539572467718,0.28368666229530043,4.0,0.9
2018,江西,中部,0.10448097960249257,0.3031666085557397,0.20382379407911613,21.0,0.9
2018,河北,东部,0.13346278564112962,0.24635152256438508,0.18990715410275735,26.0,0.9
2018,河南,中部,0.13056204651298564,0.2341208233993616,0.1823414349561736,28.0,0.9
2018,浙江,东部,0.17641332402338827,0.33812546592989146,0.25726939497663986,5.0,0.9
2018,海南,东部,0.07323735933157718,0.3012498440436924,0.18724360168763482,27.0,0.9
2018,湖北,中部,0.1254100854913853,0.2678526318433618,0.19663135866737352,24.0,0.9
2018,湖南,中部,0.13587514685289243,0.26088086742485495,0.19837800713887369,23.0,0.9
2018,甘肃,西部,0.12308628023256096,0.22358824646383632,0.17333726334819866,30.0,0.9
2018,福建,东部,0.12390399202969597,0.3343849974113932,0.2291444947205446,11.0,0.9
2018,贵州,西部,0.13887264592509344,0.2819817028070894,0.21042717436609143,18.0,0.9
2018,辽宁,东北,0.15960399914100482,0.31193505307916203,0.23576952611008342,10.0,0.9
2018,重庆,西部,0.10678770238731831,0.31124298176884185,0.2090153420780801,19.0,0.9
2018,陕西,西部,0.1007549168273785,0.2538709162112661,0.1773129165193223,29.0,0.9
2018,青海,西部,0.07516187539716426,0.3497092090754012,0.21243554223628275,17.0,0.9
2018,黑龙江,东北,0.15598034813694933,0.292649328163884,0.22431483815041667,15.0,0.9
2019,上海,东部,0.31845489247651115,0.46778257925551797,0.39311873586601453,2.0,0.9
2019,云南,西部,0.15719750579872577,0.27487757710317917,0.21603754145095247,15.0,0.9
2019,内蒙古,西部,0.22657375368271163,0.2701439102937348,0.24835883198822323,9.0,0.9
2019,北京,东部,0.30465432920355584,0.4013838354031738,0.3530190823033648,3.0,0.9
2019,吉林,东北,0.1206200091450186,0.2984197920060644,0.20951990057554148,19.0,0.9
2019,四川,西部,0.23681799636472378,0.24537090047135732,0.24109444841804056,10.0,0.9
2019,天津,东部,0.1456009267446964,0.36700126434364566,0.256301095544171,8.0,0.9
2019,宁夏,西部,0.03492218146838767,0.3441258611614385,0.18952402131491308,26.0,0.9
2019,安徽,中部,0.10757696296296122,0.29742222846865884,0.20249959571581003,23.0,0.9
2019,山东,东部,0.2157539062600902,0.2655655362630731,0.24065972126158164,11.0,0.9
2019,山西,中部,0.29391235119661424,0.26059481080083613,0.2772535809987252,5.0,0.9
2019,广东,东部,0.4757574673552354,0.3385394959637331,0.40714848165948425,1.0,0.9
2019,广西,西部,0.14258978202929118,0.28800206094233427,0.21529592148581272,17.0,0.9
2019,新疆,西部,0.18797630107871724,0.2689591195679029,0.2284677103233101,13.0,0.9
2019,江苏,东部,0.2793899696604055,0.31868182382539534,0.29903589674290043,4.0,0.9
2019,江西,中部,0.11733347114500967,0.30023659223541554,0.20878503169021262,20.0,0.9
2019,河北,东部,0.1893999973480697,0.24181783198826123,0.21560891466816545,16.0,0.9
2019,河南,中部,0.13164137777637014,0.23520686506514285,0.18342412142075648,27.0,0.9
2019,浙江,东部,0.19267865534995457,0.32940999484648004,0.2610443250982173,6.0,0.9
2019,海南,东部,0.06701471605267888,0.29629740551810385,0.18165606078539137,28.0,0.9
2019,湖北,中部,0.13224009930114727,0.26144015059650383,0.19684012494882555,25.0,0.9
2019,湖南,中部,0.14170753222826762,0.2591055135600487,0.20040652289415817,24.0,0.9
2019,甘肃,西部,0.1156050348796138,0.22492089941906357,0.1702629671493387,29.0,0.9
2019,福建,东部,0.12563244016964684,0.31997885960445405,0.22280564988705043,14.0,0.9
2019,贵州,西部,0.12518654668066387,0.28009727334716583,0.20264191001391485,22.0,0.9
2019,辽宁,东北,0.20727534296086114,0.3074564942359401,0.25736591859840063,7.0,0.9
2019,重庆,西部,0.10463277857263656,0.30753237921961496,0.20608257889612575,21.0,0.9
2019,陕西,西部,0.08812072317403406,0.25048731626846066,0.16930401972124737,30.0,0.9
2019,青海,西部,0.07918360573565948,0.34597497896298796,0.2125792923493237,18.0,0.9
2019,黑龙江,东北,0.18713525026164987,0.2899640324750515,0.23854964136835066,12.0,0.9
2020,上海,东部,0.2660926607941507,0.5395712959665607,0.4028319783803557,2.0,0.9
2020,云南,西部,0.1570184626556207,0.3131536711837502,0.23508606691968545,15.0,0.9
2020,内蒙古,西部,0.1799920315119935,0.312604928791779,0.24629848015188624,10.0,0.9
2020,北京,东部,0.2519714649870741,0.475795093902179,0.36388327944462656,3.0,0.9
2020,吉林,东北,0.09153265107089589,0.33976393500619356,0.2156482930385447,24.0,0.9
2020,四川,西部,0.2495058697527303,0.28776337740848495,0.26863462358060763,7.0,0.9
2020,天津,东部,0.06616468224309233,0.4138902617473573,0.24002747199522484,12.0,0.9
2020,宁夏,西部,0.0360027782324306,0.38291930649186334,0.20946104236214697,25.0,0.9
2020,安徽,中部,0.11511119561487153,0.3429405478089913,0.22902587171193142,21.0,0.9
2020,山东,东部,0.23154196002647798,0.3148382787732267,0.2731901193998523,6.0,0.9
2020,山西,中部,0.17042863703841354,0.29786413472741585,0.2341463858829147,16.0,0.9
2020,广东,东部,0.47269720762045886,0.39945879805984075,0.4360780028401498,1.0,0.9
2020,广西,西部,0.13496926311675958,0.3260598085207949,0.23051453581877723,20.0,0.9
2020,新疆,西部,0.18340069230698547,0.31573339953354596,0.2495670459202657,9.0,0.9
2020,江苏,东部,0.2736913420157212,0.3803893138770501,0.32704032794638566,4.0,0.9
2020,江西,中部,0.13532686603831515,0.3405771673767988,0.23795201670755695,14.0,0.9
2020,河北,东部,0.12612508494032001,0.2820478463311055,0.20408646563571275,27.0,0.9
2020,河南,中部,0.13760426339070372,0.27221086406461115,0.20490756372765745,26.0,0.9
2020,浙江,东部,0.19939171497871228,0.38689942670740646,0.29314557084305937,5.0,0.9
2020,海南,东部,0.06685990989913304,0.3296538426939086,0.19825687629652083,28.0,0.9
2020,湖北,中部,0.1302414375841038,0.3117222681854263,0.22098185288476507,23.0,0.9
2020,湖南,中部,0.16142550126307495,0.30213221191232864,0.2317788565877018,19.0,0.9
2020,甘肃,西部,0.1100952183724796,0.25918276568223897,0.18463899202735928,30.0,0.9
2020,福建,东部,0.11758363995765476,0.3694147180794083,0.24349917901853152,11.0,0.9
2020,贵州,西部,0.1274323948414205,0.3203139766084194,0.22387318572491996,22.0,0.9
2020,辽宁,东北,0.16383166285612893,0.3493402807346143,0.2565859717953716,8.0,0.9
2020,重庆,西部,0.11021588137636437,0.3539309870926563,0.23207343423451032,18.0,0.9
2020,陕西,西部,0.08978912649231109,0.29274864731392497,0.19126888690311802,29.0,0.9
2020,青海,西部,0.08005620096032874,0.3849729552735815,0.2325145781169551,17.0,0.9
2020,黑龙江,东北,0.14835749880841767,0.32895053401907276,0.23865401641374523,13.0,0.9
2021,上海,东部,0.27345363389671473,0.550648630057889,0.41205113197730187,2.0,0.9
2021,云南,西部,0.16055395978622425,0.31306399544126556,0.23680897761374492,14.0,0.9
2021,内蒙古,西部,0.18789137328627928,0.3149577465116922,0.25142455989898577,10.0,0.9
2021,北京,东部,0.260604849362962,0.48423278447982515,0.37241881692139356,3.0,0.9
2021,吉林,东北,0.08655918396876312,0.3340683528299065,0.2103137683993348,24.0,0.9
2021,四川,西部,0.2620645150865021,0.2897028912473691,0.27588370316693556,7.0,0.9
2021,天津,东部,0.06674248937099113,0.4164733763535713,0.24160793286228122,13.0,0.9
2021,宁夏,西部,0.037224611915880196,0.3812038911038766,0.20921425150987838,25.0,0.9
2021,安徽,中部,0.14090357855077984,0.34940555362586606,0.24515456608832295,12.0,0.9
2021,山东,东部,0.2446742096416588,0.318360182354255,0.2815171959979569,6.0,0.9
2021,山西,中部,0.1636587314630132,0.30305258181875666,0.23335565664088492,18.0,0.9
2021,广东,东部,0.5198496770887011,0.4131966012450114,0.4665231391668563,1.0,0.9
2021,广西,西部,0.1408667509952785,0.32576555674378205,0.23331615386953028,19.0,0.9
2021,新疆,西部,0.1870096814279488,0.30798007239839886,0.24749487691317384,11.0,0.9
2021,江苏,东部,0.29023270433464576,0.39083565056348935,0.34053417744906755,4.0,0.9
2021,江西,中部,0.12423011441008704,0.344308438351013,0.23426927638055,16.0,0.9
2021,河北,东部,0.11879556721687501,0.28230450042220495,0.20055003381953998,28.0,0.9
2021,河南,中部,0.13573350133250495,0.2709157021325175,0.2033246017325112,26.0,0.9
2021,浙江,东部,0.22296445297217268,0.39593778237623434,0.3094511176742035,5.0,0.9
2021,海南,东部,0.06863625625535356,0.33714595727086843,0.202891106763111,27.0,0.9
2021,湖北,中部,0.1470220691764993,0.3116128151400514,0.22931744215827535,22.0,0.9
2021,湖南,中部,0.15724406759180665,0.3076183076944954,0.23243118764315102,20.0,0.9
2021,甘肃,西部,0.11246693605845816,0.2602011990896825,0.1863340675740703,30.0,0.9
2021,福建,东部,0.13583859682215293,0.3747965857324896,0.25531759127732123,8.0,0.9
2021,贵州,西部,0.1273777190911737,0.3209812850257181,0.2241795020584459,23.0,0.9
2021,辽宁,东北,0.15538252857841178,0.3527503800956856,0.25406645433704866,9.0,0.9
2021,重庆,西部,0.10603592485345203,0.3556295487391764,0.23083273679631422,21.0,0.9
2021,陕西,西部,0.09494117297602778,0.29489989466541106,0.19492053382071942,29.0,0.9
2021,青海,西部,0.08255960761350686,0.38549781438566955,0.23402871099958822,17.0,0.9
2021,黑龙江,东北,0.14412493701133286,0.3271488956340364,0.23563691632268463,15.0,0.9
2022,上海,东部,0.25862285293125115,0.5921894352567475,0.42540614409399935,2.0,0.9
2022,云南,西部,0.16683096457532917,0.3236401498011496,0.24523555718823936,14.0,0.9
2022,内蒙古,西部,0.17367639026189846,0.3225944325061947,0.24813541138404657,13.0,0.9
2022,北京,东部,0.23570893999550524,0.51968990971245,0.3776994248539776,3.0,0.9
2022,吉林,东北,0.07569987844684024,0.3472551045166565,0.21147749148174835,26.0,0.9
2022,四川,西部,0.26239837980488356,0.3047499151393448,0.2835741474721142,7.0,0.9
2022,天津,东部,0.07043657299257965,0.43262541853083203,0.25153099576170584,11.0,0.9
2022,宁夏,西部,0.03320727059503781,0.39484675033887634,0.21402701046695707,24.0,0.9
2022,安徽,中部,0.13080285220366306,0.36680249519486763,0.24880267369926534,12.0,0.9
2022,山东,东部,0.236724621227862,0.33500270115714426,0.2858636611925031,6.0,0.9
2022,山西,中部,0.12003189814832295,0.31500187994793627,0.2175168890481296,23.0,0.9
2022,广东,东部,0.5393100552123022,0.45564737504507535,0.4974787151286888,1.0,0.9
2022,广西,西部,0.12224165104162726,0.3366795435358518,0.22946059728873952,22.0,0.9
2022,新疆,西部,0.19800985570256402,0.32195634612420837,0.25998310091338617,9.0,0.9
2022,江苏,东部,0.3022178325294253,0.4176479945577254,0.3599329135435754,4.0,0.9
2022,江西,中部,0.11287319214688545,0.3547800460578765,0.23382661910238098,19.0,0.9
2022,河北,东部,0.13005523243696218,0.2954514553410209,0.21275334388899153,25.0,0.9
2022,河南,中部,0.1436830136982639,0.2757522465503598,0.20971763012431183,28.0,0.9
2022,浙江,东部,0.21218407571165848,0.42743936404786964,0.3198117198797641,5.0,0.9
2022,海南,东部,0.07103853070827194,0.34481680313816054,0.20792766692321624,29.0,0.9
2022,湖北,中部,0.15345460335201494,0.3345368468753962,0.24399572511370557,15.0,0.9
2022,湖南,中部,0.15251451618927528,0.3223029355475982,0.23740872586843675,17.0,0.9
2022,甘肃,西部,0.10593097345096103,0.2697476568950566,0.1878393151730088,30.0,0.9
2022,福建,东部,0.12613273476891562,0.3940364307998484,0.260084582784382,8.0,0.9
2022,贵州,西部,0.12671732566267882,0.33720990772370996,0.23196361669319437,21.0,0.9
2022,辽宁,东北,0.1428950082165297,0.36576288813617036,0.25432894817635004,10.0,0.9
2022,重庆,西部,0.1027567268018558,0.3759470034699663,0.23935186513591106,16.0,0.9
2022,陕西,西部,0.10901786402601624,0.31178601685796004,0.21040194044198812,27.0,0.9
2022,青海,西部,0.07119461013513859,0.39331495973049396,0.23225478493281626,20.0,0.9
2022,黑龙江,东北,0.14083248278732252,0.3318022767809385,0.2363173797841305,18.0,0.9
2023,上海,东部,0.35936945539329246,0.6300108201347656,0.49469013776402904,2.0,0.9
2023,云南,西部,0.17595027668962282,0.3246842302314362,0.2503172534605295,20.0,0.9
2023,内蒙古,西部,0.19658877897432833,0.3201383777175072,0.2583635783459178,15.0,0.9
2023,北京,东部,0.309319092133308,0.5501716726249555,0.42974538237913174,3.0,0.9
2023,吉林,东北,0.09991772467035036,0.34920333619123983,0.2245605304307951,25.0,0.9
2023,四川,西部,0.3001896560081794,0.3109613893559369,0.3055755226820581,6.0,0.9
2023,天津,东部,0.08782014012426054,0.4322013733451437,0.2600107567347021,13.0,0.9
2023,宁夏,西部,0.037832887312804486,0.3929672467314195,0.21540006702211198,28.0,0.9
2023,安徽,中部,0.15833175543670214,0.37601411802137935,0.26717293672904074,11.0,0.9
2023,山东,东部,0.2528100871604651,0.34394269639248964,0.29837639177647735,7.0,0.9
2023,山西,中部,0.19960346460755554,0.3132200721562898,0.25641176838192264,17.0,0.9
2023,广东,东部,0.6243852975402983,0.49473304773660065,0.5595591726384495,1.0,0.9
2023,广西,西部,0.1620002280387035,0.3404077307933178,0.2512039794160107,19.0,0.9
2023,新疆,西部,0.2220344867323431,0.3188563258427363,0.2704454062875397,9.0,0.9
2023,江苏,东部,0.3445264107431303,0.4391435873102502,0.3918349990266903,4.0,0.9
2023,江西,中部,0.14191129062347513,0.3565333895244177,0.24922234007394642,21.0,0.9
2023,河北,东部,0.14035614847626973,0.3001591149110618,0.22025763169366575,26.0,0.9
2023,河南,中部,0.17554880950503843,0.2792839146995784,0.22741636210230842,24.0,0.9
2023,浙江,东部,0.2474196616376336,0.45149724962158333,0.3494584556296085,5.0,0.9
2023,海南,东部,0.0859472438564297,0.3460400700458097,0.21599365695111972,27.0,0.9
2023,湖北,中部,0.18447289460845706,0.3467635920008494,0.2656182433046532,12.0,0.9
2023,湖南,中部,0.19165340325330915,0.32669637471752727,0.2591748889854182,14.0,0.9
2023,甘肃,西部,0.11809519706458892,0.26834065951240904,0.19321792828849899,30.0,0.9
2023,福建,东部,0.1436580674617442,0.40257844687151045,0.2731182571666273,8.0,0.9
2023,贵州,西部,0.14518830460805182,0.3384758946690541,0.24183209963855296,22.0,0.9
2023,辽宁,东北,0.1736927828465005,0.3633673199459395,0.26853005139622,10.0,0.9
2023,重庆,西部,0.12864677844666234,0.3846110677293436,0.256628923088003,16.0,0.9
2023,陕西,西部,0.11466984747748313,0.31401887752103375,0.21434436249925842,29.0,0.9
2023,青海,西部,0.08360437478184804,0.39065704412136454,0.2371307094516063,23.0,0.9
2023,黑龙江,东北,0.17001898835662357,0.33298375543601544,0.2515013718963195,18.0,0.9
2016,上海,东部,0.23789694015283327,0.46434397141807654,0.3511204557854549,1.0,0.95
2016,云南,西部,0.15288899566544015,0.27388417526621056,0.21338658546582534,14.0,0.95
2016,内蒙古,西部,0.2013381778854735,0.2680727433930494,0.23470546063926145,7.0,0.95
2016,北京,东部,0.25794522728526803,0.40220634717690407,0.33007578723108605,2.0,0.95
2016,吉林,东北,0.0952191386078632,0.28664930789297904,0.19093422325042111,20.0,0.95
2016,四川,西部,0.21244779422511126,0.2314118190410959,0.22192980663310358,10.0,0.95
2016,天津,东部,0.08572950129734286,0.3529564885888733,0.21934299494310808,12.0,0.95
2016,宁夏,西部,0.03208315232598925,0.33408832478675216,0.1830857385563707,24.0,0.95
2016,安徽,中部,0.09522018759992462,0.2822426775620975,0.18873143258101105,23.0,0.95
2016,山东,东部,0.2060608774377824,0.2555711625073025,0.23081601997254245,9.0,0.95
2016,山西,中部,0.22239439961430357,0.2427434913114843,0.23256894546289392,8.0,0.95
2016,广东,东部,0.30834834147891543,0.3243146448180012,0.3163314931484583,3.0,0.95
2016,广西,西部,0.12502538851626188,0.2803623269527868,0.20269385773452434,17.0,0.95
2016,新疆,西部,0.14799533798340436,0.26108408572311254,0.20453971185325845,15.0,0.95
2016,江苏,东部,0.2342649649644576,0.31420070463634414,0.27423283480040084,4.0,0.95
2016,江西,中部,0.10751753884261812,0.28513134158643255,0.19632444021452533,18.0,0.95
2016,河北,东部,0.14662462700659978,0.23110511221621757,0.1888648696114087,22.0,0.95
2016,河南,中部,0.10996344816483039,0.22452239187989384,0.16724292002236213,28.0,0.95
2016,浙江,东部,0.16030660191650487,0.31930646173009236,0.2398065318232986,5.0,0.95
2016,海南,东部,0.0727836566582795,0.2863779814794709,0.1795808190688752,26.0,0.95
2016,湖北,中部,0.10857824105147518,0.2532752939086421,0.18092676748005865,25.0,0.95
2016,湖南,中部,0.11309959213969273,0.24593615553947581,0.17951787383958429,27.0,0.95
2016,甘肃,西部,0.09732737414067223,0.20766978223314073,0.15249857818690649,30.0,0.95
2016,福建,东部,0.12362013723604694,0.31453285093744693,0.21907649408674693,13.0,0.95
2016,贵州,西部,0.1132102663882368,0.2696568487118819,0.19143355755005934,19.0,0.95
2016,辽宁,东北,0.17315431330996015,0.29783591824655004,0.2354951157782551,6.0,0.95
2016,重庆,西部,0.0853498747736665,0.2953859461386893,0.1903679104561779,21.0,0.95
2016,陕西,西部,0.09444031178646083,0.2359882041428394,0.1652142579646501,29.0,0.95
2016,青海,西部,0.07449849816436147,0.3343679056631393,0.20443320191375036,16.0,0.95
2016,黑龙江,东北,0.15966367098901343,0.2793512190929969,0.21950744504100517,11.0,0.95
2017,上海,东部,0.24654647345023145,0.4718142349810209,0.35918035421562616,1.0,0.95
2017,云南,西部,0.15712118785721235,0.27179871498932484,0.2144599514232686,14.0,0.95
2017,内蒙古,西部,0.17723002740464605,0.2716337436166773,0.22443188551066168,10.0,0.95
2017,北京,东部,0.24762934187082034,0.41433206744842827,0.3309807046596243,3.0,0.95
2017,吉林,东北,0.09160085271781808,0.28877288276958923,0.19018686774370366,22.0,0.95
2017,四川,西部,0.21709358396671252,0.2381291371997783,0.2276113605832454,8.0,0.95
2017,天津,东部,0.057196863617378906,0.36153776223361617,0.20936731292549754,17.0,0.95
2017,宁夏,西部,0.02917096904209072,0.3413722453918422,0.18527160721696645,24.0,0.95
2017,安徽,中部,0.09730254987034576,0.2870540073142375,0.19217827859229164,21.0,0.95
2017,山东,东部,0.21309285983578327,0.2607149309209463,0.23690389537836476,6.0,0.95
2017,山西,中部,0.20322189479974567,0.2507556687595192,0.22698878177963244,9.0,0.95
2017,广东,东部,0.36938435496297933,0.32814614176707685,0.3487652483650281,2.0,0.95
2017,广西,西部,0.1219828265989707,0.2831630514887329,0.2025729390438518,18.0,0.95
2017,新疆,西部,0.1701926479452134,0.26399679189326575,0.21709471991923956,12.0,0.95
2017,江苏,东部,0.23604621131993772,0.3195136323634189,0.2777799218416783,4.0,0.95
2017,江西,中部,0.0924655416225021,0.29198444201606627,0.19222499181928418,20.0,0.95
2017,河北,东部,0.12288853483234223,0.23888234579388487,0.18088544031311354,27.0,0.95
2017,河南,中部,0.10396785688495969,0.22951277075381263,0.16674031381938614,29.0,0.95
2017,浙江,东部,0.16298656048027363,0.3244651477670303,0.24372585412365194,5.0,0.95
2017,海南,东部,0.07100250316200044,0.29142145885875337,0.1812119810103769,26.0,0.95
2017,湖北,中部,0.1176358505115807,0.25860369532794303,0.18811977291976187,23.0,0.95
2017,湖南,中部,0.11578434104514997,0.2517397811488116,0.1837620610969808,25.0,0.95
2017,甘肃,西部,0.09987060212862929,0.21293142922825395,0.1564010156784416,30.0,0.95
2017,福建,东部,0.10749430616676513,0.322059117898517,0.21477671203264107,13.0,0.95
2017,贵州,西部,0.14585494071033908,0.2742212749322703,0.21003810782130466,16.0,0.95
2017,辽宁,东北,0.16136169790695074,0.30272046624748467,0.2320410820772177,7.0,0.95
2017,重庆,西部,0.08949057260732042,0.30159235396725187,0.19554146328728614,19.0,0.95
2017,陕西,西部,0.10770576124158908,0.24498006621332694,0.176342913727458,28.0,0.95
2017,青海,西部,0.08335110618787404,0.3396680747038184,0.21150959044584622,15.0,0.95
2017,黑龙江,东北,0.15467075601013155,0.28324900083311716,0.21895987842162434,11.0,0.95
2018,上海,东部,0.2659823693949561,0.4856666295834969,0.37582449948922647,1.0,0.95
2018,云南,西部,0.17738932798852106,0.2792684894148017,0.2283289087016614,12.0,0.95
2018,内蒙古,西部,0.1923719952818644,0.2793545897792985,0.23586329253058147,9.0,0.95
2018,北京,东部,0.2710502963663711,0.4203093330075772,0.3456798146869742,3.0,0.95
2018,吉林,东北,0.11277830180340116,0.3045777359034953,0.20867801885344822,20.0,0.95
2018,四川,西部,0.2484586183983741,0.24684861486259776,0.24765361663048593,6.0,0.95
2018,天津,东部,0.0718313993779056,0.3790125634101166,0.2254219813940111,14.0,0.95
2018,宁夏,西部,0.03918499296469761,0.3471378336165075,0.19316141329060257,25.0,0.95
2018,安徽,中部,0.10188396440136034,0.29719635939019434,0.19954016189577733,22.0,0.95
2018,山东,东部,0.22113800469433773,0.2689604167610673,0.24504921072770253,7.0,0.95
2018,山西,中部,0.22311905369617896,0.2609968663253279,0.24205796001075344,8.0,0.95
2018,广东,东部,0.40754002375272375,0.3407258537476073,0.3741329387501655,2.0,0.95
2018,广西,西部,0.13443427028959487,0.2913862756393658,0.21291027296448034,16.0,0.95
2018,新疆,西部,0.18593293192105095,0.26996201184684393,0.22794747188394743,13.0,0.95
2018,江苏,东部,0.23657263645029838,0.330539572467718,0.2835561044590082,4.0,0.95
2018,江西,中部,0.10443086952051508,0.3031666085557397,0.2037987390381274,21.0,0.95
2018,河北,东部,0.1333540834518665,0.24635152256438508,0.1898528030081258,26.0,0.95
2018,河南,中部,0.13048019889879983,0.2341208233993616,0.18230051114908072,28.0,0.95
2018,浙江,东部,0.17621842638336158,0.33812546592989146,0.25717194615662653,5.0,0.95
2018,海南,东部,0.07322498254999889,0.3012498440436924,0.18723741329684565,27.0,0.95
2018,湖北,中部,0.12528559117440308,0.2678526318433618,0.19656911150888243,24.0,0.95
2018,湖南,中部,0.13570376275235743,0.26088086742485495,0.19829231508860617,23.0,0.95
2018,甘肃,西部,0.12297509583523879,0.22358824646383632,0.17328167114953755,30.0,0.95
2018,福建,东部,0.12382986065284683,0.3343849974113932,0.22910742903212003,11.0,0.95
2018,贵州,西部,0.13872234855525975,0.2819817028070894,0.21035202568117456,18.0,0.95
2018,辽宁,东北,0.15954250964938385,0.31193505307916203,0.23573878136427295,10.0,0.95
2018,重庆,西部,0.10689797540478876,0.31124298176884185,0.20907047858681532,19.0,0.95
2018,陕西,西部,0.10065934418429012,0.2538709162112661,0.17726513019777812,29.0,0.95
2018,青海,西部,0.07509132337130488,0.3497092090754012,0.21240026622335303,17.0,0.95
2018,黑龙江,东北,0.1558135538742485,0.292649328163884,0.22423144101906625,15.0,0.95
2019,上海,东部,0.31890264726940265,0.46778257925551797,0.39334261326246034,2.0,0.95
2019,云南,西部,0.156939239856517,0.27487757710317917,0.2159084084798481,15.0,0.95
2019,内蒙古,西部,0.22651040678780762,0.2701439102937348,0.2483271585407712,9.0,0.95
2019,北京,东部,0.30507027253628427,0.4013838354031738,0.35322705396972903,3.0,0.95
2019,吉林,东北,0.12066555726436291,0.2984197920060644,0.20954267463521364,19.0,0.95
2019,四川,西部,0.23655282819285875,0.24537090047135732,0.24096186433210803,10.0,0.95
2019,天津,东部,0.14592026542329994,0.36700126434364566,0.2564607648834728,8.0,0.95
2019,宁夏,西部,0.034842844335240666,0.3441258611614385,0.18948435274833958,26.0,0.95
2019,安徽,中部,0.10743222828353051,0.29742222846865884,0.20242722837609467,23.0,0.95
2019,山东,东部,0.21552991200264893,0.2655655362630731,0.24054772413286102,11.0,0.95
2019,山西,中部,0.29448401549677183,0.26059481080083613,0.277539413148804,5.0,0.95
2019,广东,东部,0.47562852403643996,0.3385394959637331,0.40708401000008654,1.0,0.95
2019,广西,西部,0.14254359745184786,0.28800206094233427,0.21527282919709106,17.0,0.95
2019,新疆,西部,0.18768763438603478,0.2689591195679029,0.22832337697696886,13.0,0.95
2019,江苏,东部,0.27911522963496993,0.31868182382539534,0.29889852673018263,4.0,0.95
2019,江西,中部,0.11728342330579232,0.30023659223541554,0.20876000777060394,20.0,0.95
2019,河北,东部,0.18951123911458967,0.24181783198826123,0.21566453555142545,16.0,0.95
2019,河南,中部,0.13153609327776325,0.23520686506514285,0.18337147917145305,27.0,0.95
2019,浙江,东部,0.19246347557221238,0.32940999484648004,0.26093673520934624,6.0,0.95
2019,海南,东部,0.06697120415054902,0.29629740551810385,0.18163430483432644,28.0,0.95
2019,湖北,中部,0.13211376971602962,0.26144015059650383,0.19677696015626672,25.0,0.95
2019,湖南,中部,0.14152182100394783,0.2591055135600487,0.20031366728199826,24.0,0.95
2019,甘肃,西部,0.11544066286770761,0.22492089941906357,0.17018078114338558,29.0,0.95
2019,福建,东部,0.12554950267092166,0.31997885960445405,0.22276418113768787,14.0,0.95
2019,贵州,西部,0.1249701363048392,0.28009727334716583,0.20253370482600253,22.0,0.95
2019,辽宁,东北,0.2073744372630058,0.3074564942359401,0.25741546574947294,7.0,0.95
2019,重庆,西部,0.10467030039257114,0.30753237921961496,0.20610133980609305,21.0,0.95
2019,陕西,西部,0.08798827365146725,0.25048731626846066,0.16923779495996394,30.0,0.95
2019,青海,西部,0.07910631454125536,0.34597497896298796,0.21254064675212164,18.0,0.95
2019,黑龙江,东北,0.18708569758970867,0.2899640324750515,0.23852486503238007,12.0,0.95
2020,上海,东部,0.26632286980709374,0.5395712959665607,0.40294708288682723,2.0,0.95
2020,云南,西部,0.1567554642320856,0.3131536711837502,0.2349545677079179,15.0,0.95
2020,内蒙古,西部,0.17973873276226424,0.312604928791779,0.2461718307770216,10.0,0.95
2020,北京,东部,0.2520721185521952,0.475795093902179,0.36393360622718707,3.0,0.95
2020,吉林,东北,0.09146678883836246,0.33976393500619356,0.215615361922278,24.0,0.95
2020,四川,西部,0.24925266715385053,0.28776337740848495,0.26850802228116777,7.0,0.95
2020,天津,东部,0.06614471195150919,0.4138902617473573,0.24001748684943325,12.0,0.95
2020,宁夏,西部,0.035924090080090725,0.38291930649186334,0.20942169828597704,25.0,0.95
2020,安徽,中部,0.11497566955490403,0.3429405478089913,0.22895810868194766,21.0,0.95
2020,山东,东部,0.231377390207958,0.3148382787732267,0.27310783449059234,6.0,0.95
2020,山西,中部,0.1705294106401417,0.29786413472741585,0.23419677268377878,16.0,0.95
2020,广东,东部,0.4725174807081565,0.39945879805984075,0.4359881393839986,1.0,0.95
2020,广西,西部,0.13483711983788235,0.3260598085207949,0.23044846417933862,20.0,0.95
2020,新疆,西部,0.18309433726755203,0.31573339953354596,0.249413868400549,9.0,0.95
2020,江苏,东部,0.273341154033546,0.3803893138770501,0.32686523395529804,4.0,0.95
2020,江西,中部,0.13529529375560106,0.3405771673767988,0.23793623056619992,14.0,0.95
2020,河北,东部,0.12596742476148032,0.2820478463311055,0.20400763554629292,27.0,0.95
2020,河南,中部,0.13749849752046334,0.27221086406461115,0.20485468079253724,26.0,0.95
2020,浙江,东部,0.19920270299433687,0.38689942670740646,0.2930510648508717,5.0,0.95
2020,海南,东部,0.06681260989519684,0.3296538426939086,0.19823322629455273,28.0,0.95
2020,湖北,中部,0.13009107056853275,0.3117222681854263,0.22090666937697953,23.0,0.95
2020,湖南,中部,0.16130341781208388,0.30213221191232864,0.23171781486220627,19.0,0.95
2020,甘肃,西部,0.10990884031673462,0.25918276568223897,0.1845458029994868,30.0,0.95
2020,福建,东部,0.1174831099238681,0.3694147180794083,0.2434489140016382,11.0,0.95
2020,贵州,西部,0.12722460733642862,0.3203139766084194,0.223769291972424,22.0,0.95
2020,辽宁,东北,0.1637630497508366,0.3493402807346143,0.25655166524272544,8.0,0.95
2020,重庆,西部,0.11023393861238595,0.3539309870926563,0.23208246285252113,18.0,0.95
2020,陕西,西部,0.08964638009851039,0.29274864731392497,0.19119751370621768,29.0,0.95
2020,青海,西部,0.07993131648829818,0.3849729552735815,0.23245213588093983,17.0,0.95
2020,黑龙江,东北,0.1482054557675672,0.32895053401907276,0.23857799489332,13.0,0.95
2021,上海,东部,0.2736565990757183,0.550648630057889,0.41215261456680363,2.0,0.95
2021,云南,西部,0.16028595951662944,0.31306399544126556,0.2366749774789475,14.0,0.95
2021,内蒙古,西部,0.18765613087265687,0.3149577465116922,0.2513069386921746,10.0,0.95
2021,北京,东部,0.26079775427920754,0.48423278447982515,0.37251526937951634,3.0,0.95
2021,吉林,东北,0.08648723428798401,0.3340683528299065,0.21027779355894524,24.0,0.95
2021,四川,西部,0.26169533264131745,0.2897028912473691,0.27569911194434327,7.0,0.95
2021,天津,东部,0.06670007905758996,0.4164733763535713,0.24158672770558062,13.0,0.95
2021,宁夏,西部,0.03714806316511951,0.3812038911038766,0.20917597713449804,25.0,0.95
2021,安徽,中部,0.1407010727399684,0.34940555362586606,0.24505331318291723,12.0,0.95
2021,山东,东部,0.2444633019747993,0.318360182354255,0.28141174216452713,6.0,0.95
2021,山西,中部,0.16373949062344012,0.30305258181875666,0.2333960362210984,18.0,0.95
2021,广东,东部,0.5195576237337065,0.4131966012450114,0.466377112489359,1.0,0.95
2021,广西,西部,0.14075319333019998,0.32576555674378205,0.233259375036991,19.0,0.95
2021,新疆,西部,0.18671160064220513,0.30798007239839886,0.247345836520302,11.0,0.95
2021,江苏,东部,0.28988269600953054,0.39083565056348935,0.34035917328650994,4.0,0.95
2021,江西,中部,0.12409575421646049,0.344308438351013,0.23420209628373673,16.0,0.95
2021,河北,东部,0.11858090486927231,0.28230450042220495,0.20044270264573863,28.0,0.95
2021,河南,中部,0.13558431909120192,0.2709157021325175,0.2032500106118597,26.0,0.95
2021,浙江,东部,0.22273197423851995,0.39593778237623434,0.30933487830737716,5.0,0.95
2021,海南,东部,0.06857250631574155,0.33714595727086843,0.202859231793305,27.0,0.95
2021,湖北,中部,0.14677413942906553,0.3116128151400514,0.22919347728455847,22.0,0.95
2021,湖南,中部,0.15694957494877834,0.3076183076944954,0.23228394132163688,20.0,0.95
2021,甘肃,西部,0.11229254927411446,0.2602011990896825,0.18624687418189848,30.0,0.95
2021,福建,东部,0.1357868080750137,0.3747965857324896,0.25529169690375164,8.0,0.95
2021,贵州,西部,0.1271563743727077,0.3209812850257181,0.22406882969921288,23.0,0.95
2021,辽宁,东北,0.15527417780896222,0.3527503800956856,0.2540122789523239,9.0,0.95
2021,重庆,西部,0.10602417393042604,0.3556295487391764,0.23082686133480124,21.0,0.95
2021,陕西,西部,0.09479031486001369,0.29489989466541106,0.19484510476271238,29.0,0.95
2021,青海,西部,0.08244011414403067,0.38549781438566955,0.23396896426485012,17.0,0.95
2021,黑龙江,东北,0.14394618917212065,0.3271488956340364,0.2355475424030785,15.0,0.95
2022,上海,东部,0.2586401156862553,0.5921894352567475,0.4254147754715014,2.0,0.95
2022,云南,西部,0.16657302096789303,0.3236401498011496,0.2451065853845213,14.0,0.95
2022,内蒙古,西部,0.17338462358736823,0.3225944325061947,0.24798952804678145,13.0,0.95
2022,北京,东部,0.23569880334414506,0.51968990971245,0.3776943565282975,3.0,0.95
2022,吉林,东北,0.07558042779924369,0.3472551045166565,0.21141776615795008,26.0,0.95
2022,四川,西部,0.26201176172675633,0.3047499151393448,0.28338083843305056,7.0,0.95
2022,天津,东部,0.0703119837011568,0.43262541853083203,0.2514687011159944,11.0,0.95
2022,宁夏,西部,0.03311069595104383,0.39484675033887634,0.21397872314496008,24.0,0.95
2022,安徽,中部,0.13051569392907425,0.36680249519486763,0.24865909456197094,12.0,0.95
2022,山东,东部,0.2363584179147539,0.33500270115714426,0.28568055953594906,6.0,0.95
2022,山西,中部,0.11995972186805375,0.31500187994793627,0.21748080090799501,23.0,0.95
2022,广东,东部,0.5388865697153262,0.45564737504507535,0.4972669723802008,1.0,0.95
2022,广西,西部,0.12206135099321486,0.3366795435358518,0.22937044726453332,22.0,0.95
2022,新疆,西部,0.1976651413727315,0.32195634612420837,0.2598107437484699,9.0,0.95
2022,江苏,东部,0.30175784519069904,0.4176479945577254,0.3597029198742122,4.0,0.95
2022,江西,中部,0.11261871802997425,0.3547800460578765,0.23369938204392537,19.0,0.95
2022,河北,东部,0.12978163482948182,0.2954514553410209,0.21261654508525135,25.0,0.95
2022,河南,中部,0.14344302297892364,0.2757522465503598,0.20959763476464172,28.0,0.95
2022,浙江,东部,0.21186340813745172,0.42743936404786964,0.3196513860926607,5.0,0.95
2022,海南,东部,0.07090123218786146,0.34481680313816054,0.20785901766301101,29.0,0.95
2022,湖北,中部,0.1531501114381359,0.3345368468753962,0.24384347915676605,15.0,0.95
2022,湖南,中部,0.15219375982259795,0.3223029355475982,0.23724834768509806,17.0,0.95
2022,甘肃,西部,0.10572323707481375,0.2697476568950566,0.18773544698493516,30.0,0.95
2022,福建,东部,0.12593805954737433,0.3940364307998484,0.2599872451736114,8.0,0.95
2022,贵州,西部,0.12648797575397536,0.33720990772370996,0.23184894173884266,21.0,0.95
2022,辽宁,东北,0.14273016983777834,0.36576288813617036,0.25424652898697436,10.0,0.95
2022,重庆,西部,0.10263674079123966,0.3759470034699663,0.239291872130603,16.0,0.95
2022,陕西,西部,0.10881198010299742,0.31178601685796004,0.21029899848047873,27.0,0.95
2022,青海,西部,0.07104227641162167,0.39331495973049396,0.23217861807105783,20.0,0.95
2022,黑龙江,东北,0.1405587187824825,0.3318022767809385,0.2361804977817105,18.0,0.95
2023,上海,东部,0.35952945776275275,0.6300108201347656,0.4947701389487592,2.0,0.95
2023,云南,西部,0.1756242146348915,0.3246842302314362,0.2501542224331639,20.0,0.95
2023,内蒙古,西部,0.19630006501181851,0.3201383777175072,0.25821922136466285,15.0,0.95
2023,北京,东部,0.3092713000200125,0.5501716726249555,0.42972148632248397,3.0,0.95
2023,吉林,东北,0.09978863052393874,0.34920333619123983,0.2244959833575893,25.0,0.95
2023,四川,西部,0.29972326244034014,0.3109613893559369,0.30534232589813853,6.0,0.95
2023,天津,东部,0.08765774504880681,0.4322013733451437,0.25992955919697525,13.0,0.95
2023,宁夏,西部,0.03775000037285156,0.3929672467314195,0.21535862355213553,28.0,0.95
2023,安徽,中部,0.15792710407946708,0.37601411802137935,0.2669706110504232,11.0,0.95
2023,山东,东部,0.2523852212351398,0.34394269639248964,0.29816395881381474,7.0,0.95
2023,山西,中部,0.1996761433534143,0.3132200721562898,0.25644810775485205,17.0,0.95
2023,广东,东部,0.6237857321491977,0.49473304773660065,0.5592593899428993,1.0,0.95
2023,广西,西部,0.16185000666909977,0.3404077307933178,0.25112886873120877,19.0,0.95
2023,新疆,西部,0.22166144904496662,0.3188563258427363,0.27025888744385146,9.0,0.95
2023,江苏,东部,0.3439826701566521,0.4391435873102502,0.39156312873345117,4.0,0.95
2023,江西,中部,0.1416477870474962,0.3565333895244177,0.24909058828595695,21.0,0.95
2023,河北,东部,0.14001728877445302,0.3001591149110618,0.2200882018427574,26.0,0.95
2023,河南,中部,0.17526104214186417,0.2792839146995784,0.2272724784207213,24.0,0.95
2023,浙江,东部,0.24699629025742542,0.45149724962158333,0.3492467699395044,5.0,0.95
2023,海南,东部,0.08577485908876713,0.3460400700458097,0.21590746456728843,27.0,0.95
2023,湖北,中部,0.18406273442829935,0.3467635920008494,0.26541316321457437,12.0,0.95
2023,湖南,中部,0.19120688133194796,0.32669637471752727,0.2589516280247376,14.0,0.95
2023,甘肃,西部,0.11792461898949395,0.26834065951240904,0.1931326392509515,30.0,0.95
2023,福建,东部,0.1434141791950932,0.40257844687151045,0.27299631303330185,8.0,0.95
2023,贵州,西部,0.14488382823198115,0.3384758946690541,0.24167986145051762,22.0,0.95
2023,辽宁,东北,0.17355099890947043,0.3633673199459395,0.268459159427705,10.0,0.95
2023,重庆,西部,0.12851427702886406,0.3846110677293436,0.25656267237910385,16.0,0.95
2023,陕西,西部,0.11439212341094174,0.31401887752103375,0.21420550046598774,29.0,0.95
2023,青海,西部,0.08349416420061065,0.39065704412136454,0.2370756041609876,23.0,0.95
2023,黑龙江,东北,0.16976503280917676,0.33298375543601544,0.2513743941225961,18.0,0.95
2016,上海,东部,0.23815074229094974,0.46434397141807654,0.35124735685451314,1.0,0.98
2016,云南,西部,0.15282552462272705,0.27388417526621056,0.2133548499444688,14.0,0.98
2016,内蒙古,西部,0.20134453704059901,0.2680727433930494,0.2347086402168242,7.0,0.98
2016,北京,东部,0.25824088223934216,0.40220634717690407,0.3302236147081231,2.0,0.98
2016,吉林,东北,0.0953234017576746,0.28664930789297904,0.19098635482532683,20.0,0.98
2016,四川,西部,0.21239116030347352,0.2314118190410959,0.2219014896722847,10.0,0.98
2016,天津,东部,0.08580281978284557,0.3529564885888733,0.21937965418585942,12.0,0.98
2016,宁夏,西部,0.0320944534909783,0.33408832478675216,0.18309138913886522,24.0,0.98
2016,安徽,中部,0.09515846737861024,0.2822426775620975,0.18870057247035385,23.0,0.98
2016,山东,东部,0.20596513609526745,0.2555711625073025,0.23076814930128497,9.0,0.98
2016,山西,中部,0.2227022181818142,0.2427434913114843,0.23272285474664925,8.0,0.98
2016,广东,东部,0.30831943919577576,0.3243146448180012,0.3163170420068885,3.0,0.98
2016,广西,西部,0.12506110297741507,0.2803623269527868,0.20271171496510093,17.0,0.98
2016,新疆,西部,0.14790268754447217,0.26108408572311254,0.20449338663379235,15.0,0.98
2016,江苏,东部,0.2341589326424369,0.31420070463634414,0.2741798186393905,4.0,0.98
2016,江西,中部,0.1074974561310551,0.28513134158643255,0.19631439885874383,18.0,0.98
2016,河北,东部,0.1466654267812041,0.23110511221621757,0.18888526949871082,22.0,0.98
2016,河南,中部,0.10994077372220704,0.22452239187989384,0.16723158280105044,28.0,0.98
2016,浙江,东部,0.1601982307507245,0.31930646173009236,0.23975234624040842,5.0,0.98
2016,海南,东部,0.07279579880231955,0.2863779814794709,0.17958689014089524,26.0,0.98
2016,湖北,中部,0.10849318823513197,0.2532752939086421,0.18088424107188705,25.0,0.98
2016,湖南,中部,0.11304193151053767,0.24593615553947581,0.17948904352500675,27.0,0.98
2016,甘肃,西部,0.09731036962740265,0.20766978223314073,0.1524900759302717,30.0,0.98
2016,福建,东部,0.12364354488325027,0.31453285093744693,0.21908819791034861,13.0,0.98
2016,贵州,西部,0.11317137929721378,0.2696568487118819,0.19141411400454783,19.0,0.98
2016,辽宁,东北,0.17324344875688152,0.29783591824655004,0.23553968350171578,6.0,0.98
2016,重庆,西部,0.0854162395717643,0.2953859461386893,0.1904010928552268,21.0,0.98
2016,陕西,西部,0.09440015346467383,0.2359882041428394,0.16519417880375661,29.0,0.98
2016,青海,西部,0.07453038042557174,0.3343679056631393,0.20444914304435552,16.0,0.98
2016,黑龙江,东北,0.15961848150361355,0.2793512190929969,0.21948485029830522,11.0,0.98
2017,上海,东部,0.24681210929227232,0.4718142349810209,0.3593131721366466,1.0,0.98
2017,云南,西部,0.1570549396621502,0.27179871498932484,0.21442682732573753,14.0,0.98
2017,内蒙古,西部,0.1771652732006255,0.2716337436166773,0.22439950840865142,10.0,0.98
2017,北京,东部,0.2478748212311678,0.41433206744842827,0.33110344433979805,3.0,0.98
2017,吉林,东北,0.09162433127364081,0.28877288276958923,0.190198607021615,22.0,0.98
2017,四川,西部,0.21701356386660053,0.2381291371997783,0.22757135053318941,8.0,0.98
2017,天津,东部,0.057196803110253075,0.36153776223361617,0.2093672826719346,17.0,0.98
2017,宁夏,西部,0.029170960769725265,0.3413722453918422,0.18527160308078372,24.0,0.98
2017,安徽,中部,0.09722626148774817,0.2870540073142375,0.19214013440099284,21.0,0.98
2017,山东,东部,0.2129717512962567,0.2607149309209463,0.2368433411086015,6.0,0.98
2017,山西,中部,0.20346339075360542,0.2507556687595192,0.22710952975656232,9.0,0.98
2017,广东,东部,0.36936167826601246,0.32814614176707685,0.34875391001654465,2.0,0.98
2017,广西,西部,0.12200331248824835,0.2831630514887329,0.20258318198849062,18.0,0.98
2017,新疆,西部,0.17010544099061953,0.26399679189326575,0.21705111644194264,12.0,0.98
2017,江苏,东部,0.23589569947208647,0.3195136323634189,0.27770466591775267,4.0,0.98
2017,江西,中部,0.0924185357726386,0.29198444201606627,0.19220148889435243,20.0,0.98
2017,河北,东部,0.12281681337981414,0.23888234579388487,0.1808495795868495,27.0,0.98
2017,河南,中部,0.10389948273359273,0.22951277075381263,0.16670612674370267,29.0,0.98
2017,浙江,东部,0.16285201418342835,0.3244651477670303,0.2436585809752293,5.0,0.98
2017,海南,东部,0.07100863667895256,0.29142145885875337,0.18121504776885297,26.0,0.98
2017,湖北,中部,0.11756745560618788,0.25860369532794303,0.18808557546706545,23.0,0.98
2017,湖南,中部,0.11569514249165995,0.2517397811488116,0.1837174618202358,25.0,0.98
2017,甘肃,西部,0.09985515511673178,0.21293142922825395,0.15639329217249287,30.0,0.98
2017,福建,东部,0.1074354211399655,0.322059117898517,0.21474726951924125,13.0,0.98
2017,贵州,西部,0.14586633082042827,0.2742212749322703,0.21004380287634927,16.0,0.98
2017,辽宁,东北,0.16139080560213503,0.30272046624748467,0.23205563592480985,7.0,0.98
2017,重庆,西部,0.08955150368287702,0.30159235396725187,0.19557192882506444,19.0,0.98
2017,陕西,西部,0.1077002614163073,0.24498006621332694,0.17634016381481712,28.0,0.98
2017,青海,西部,0.08339776198213163,0.3396680747038184,0.211532918342975,15.0,0.98
2017,黑龙江,东北,0.15460497797747952,0.28324900083311716,0.21892698940529834,11.0,0.98
2018,上海,东部,0.2662659652354781,0.4856666295834969,0.3759662974094875,1.0,0.98
2018,云南,西部,0.17731207073316324,0.2792684894148017,0.22829028007398247,12.0,0.98
2018,内蒙古,西部,0.19229492152900488,0.2793545897792985,0.23582475565415167,9.0,0.98
2018,北京,东部,0.27128824329266843,0.4203093330075772,0.3457987881501228,3.0,0.98
2018,吉林,东北,0.11280566765254035,0.3045777359034953,0.20869170177801782,20.0,0.98
2018,四川,西部,0.24841507003940663,0.24684861486259776,0.2476318424510022,6.0,0.98
2018,天津,东部,0.07186065275069711,0.3790125634101166,0.22543660808040683,14.0,0.98
2018,宁夏,西部,0.03915548009791356,0.3471378336165075,0.19314665685721055,25.0,0.98
2018,安徽,中部,0.10179625138476109,0.29719635939019434,0.1994963053874777,22.0,0.98
2018,山东,东部,0.22102524307526777,0.2689604167610673,0.24499282991816754,7.0,0.98
2018,山西,中部,0.22335475187107934,0.2609968663253279,0.24217580909820363,8.0,0.98
2018,广东,东部,0.40744717483834714,0.3407258537476073,0.37408651429297723,2.0,0.98
2018,广西,西部,0.1344166319714376,0.2913862756393658,0.2129014538054017,16.0,0.98
2018,新疆,西部,0.18579160686435298,0.26996201184684393,0.22787680935559845,13.0,0.98
2018,江苏,东部,0.23640560009096317,0.330539572467718,0.2834725862793406,4.0,0.98
2018,江西,中部,0.10441126365919669,0.3031666085557397,0.20378893610746818,21.0,0.98
2018,河北,东部,0.13329242767103605,0.24635152256438508,0.18982197511771057,26.0,0.98
2018,河南,中部,0.13042953462462825,0.2341208233993616,0.18227517901199491,28.0,0.98
2018,浙江,东部,0.17608973069457323,0.33812546592989146,0.25710759831223234,5.0,0.98
2018,海南,东部,0.07322960784831893,0.3012498440436924,0.1872397259460057,27.0,0.98
2018,湖北,中部,0.12521445586380442,0.2678526318433618,0.1965335438535831,24.0,0.98
2018,湖南,中部,0.1356089061332733,0.26088086742485495,0.19824488677906413,23.0,0.98
2018,甘肃,西部,0.12293197338027585,0.22358824646383632,0.1732601099220561,30.0,0.98
2018,福建,东部,0.12378241291084364,0.3343849974113932,0.22908370516111842,11.0,0.98
2018,贵州,西部,0.138652239586155,0.2819817028070894,0.21031697119662218,18.0,0.98
2018,辽宁,东北,0.15952766726615786,0.31193505307916203,0.23573136017265994,10.0,0.98
2018,重庆,西部,0.10697713687468961,0.31124298176884185,0.20911005932176574,19.0,0.98
2018,陕西,西部,0.10060514086780196,0.2538709162112661,0.17723802853953405,29.0,0.98
2018,青海,西部,0.0750678028521619,0.3497092090754012,0.21238850596378156,17.0,0.98
2018,黑龙江,东北,0.1557429589494965,0.292649328163884,0.22419614355669026,15.0,0.98
2019,上海,东部,0.31920726642512887,0.46778257925551797,0.3934949228403234,2.0,0.98
2019,云南,西部,0.15680036311873186,0.27487757710317917,0.2158389701109555,15.0,0.98
2019,内蒙古,西部,0.2265206789199342,0.2701439102937348,0.24833229460683448,9.0,0.98
2019,北京,东部,0.3053502061011627,0.4013838354031738,0.35336702075216825,3.0,0.98
2019,吉林,东北,0.1207152065679012,0.2984197920060644,0.2095674992869828,19.0,0.98
2019,四川,西部,0.23641559182983177,0.24537090047135732,0.24089324615059454,10.0,0.98
2019,天津,东部,0.1461313217513213,0.36700126434364566,0.25656629304748346,8.0,0.98
2019,宁夏,西部,0.034799331448787704,0.3441258611614385,0.1894625963051131,26.0,0.98
2019,安徽,中部,0.1073431897527585,0.29742222846865884,0.20238270911070866,23.0,0.98
2019,山东,东部,0.21539415987797209,0.2655655362630731,0.24047984807052258,11.0,0.98
2019,山西,中部,0.2948976643289531,0.26059481080083613,0.2777462375648946,5.0,0.98
2019,广东,东部,0.47551531406630654,0.3385394959637331,0.4070274050150198,1.0,0.98
2019,广西,西部,0.14253872344741947,0.28800206094233427,0.21527039219487687,17.0,0.98
2019,新疆,西部,0.18754019530006438,0.2689591195679029,0.22824965743398365,13.0,0.98
2019,江苏,东部,0.27893861646616613,0.31868182382539534,0.29881022014578074,4.0,0.98
2019,江西,中部,0.1172636038898547,0.30023659223541554,0.20875009806263511,20.0,0.98
2019,河北,东部,0.18959602930941888,0.24181783198826123,0.21570693064884006,16.0,0.98
2019,河南,中部,0.13146834637304522,0.23520686506514285,0.18333760571909402,27.0,0.98
2019,浙江,东部,0.1923182125277434,0.32940999484648004,0.2608641036871117,6.0,0.98
2019,海南,东部,0.06695463500670902,0.29629740551810385,0.18162602026240643,28.0,0.98
2019,湖北,中部,0.13204080267099133,0.26144015059650383,0.19674047663374758,25.0,0.98
2019,湖南,中部,0.14141677384640272,0.2591055135600487,0.2002611437032257,24.0,0.98
2019,甘肃,西部,0.1153624801553929,0.22492089941906357,0.17014168978722824,29.0,0.98
2019,福建,东部,0.12549561929003153,0.31997885960445405,0.22273723944724277,14.0,0.98
2019,贵州,西部,0.12485580202500005,0.28009727334716583,0.20247653768608292,22.0,0.98
2019,辽宁,东北,0.2074677957696906,0.3074564942359401,0.2574621450028154,7.0,0.98
2019,重庆,西部,0.10470393229375333,0.30753237921961496,0.20611815575668413,21.0,0.98
2019,陕西,西部,0.08790936795658655,0.25048731626846066,0.1691983421125236,30.0,0.98
2019,青海,西部,0.07907910572674384,0.34597497896298796,0.2125270423448659,18.0,0.98
2019,黑龙江,东北,0.18709382918433973,0.2899640324750515,0.23852893082969562,12.0,0.98
2020,上海,东部,0.26647296050629854,0.5395712959665607,0.40302212823642963,2.0,0.98
2020,云南,西部,0.15661313811230193,0.3131536711837502,0.23488340464802607,15.0,0.98
2020,内蒙古,西部,0.17961870565809016,0.312604928791779,0.24611181722493458,10.0,0.98
2020,北京,东部,0.25213216098684255,0.475795093902179,0.3639636274445108,3.0,0.98
2020,吉林,东北,0.0914388339545798,0.33976393500619356,0.21560138448038668,24.0,0.98
2020,四川,西部,0.2491190035829493,0.28776337740848495,0.26844119049571713,7.0,0.98
2020,天津,东部,0.06612662147969259,0.4138902617473573,0.24000844161352497,12.0,0.98
2020,宁夏,西部,0.03587986292456614,0.38291930649186334,0.20939958470821474,25.0,0.98
2020,安徽,中部,0.11489127047412491,0.3429405478089913,0.2289159091415581,21.0,0.98
2020,山东,东部,0.2312780501236003,0.3148382787732267,0.27305816444841347,6.0,0.98
2020,山西,中部,0.17061866647357632,0.29786413472741585,0.23424140060049609,16.0,0.98
2020,广东,东部,0.47236873317373473,0.39945879805984075,0.43591376561678774,1.0,0.98
2020,广西,西部,0.13477511736324546,0.3260598085207949,0.2304174629420202,20.0,0.98
2020,新疆,西部,0.1829336103175585,0.31573339953354596,0.24933350492555223,9.0,0.98
2020,江苏,东部,0.273110087407352,0.3803893138770501,0.32674970064220105,4.0,0.98
2020,江西,中部,0.13528937152804127,0.3405771673767988,0.23793326945242002,14.0,0.98
2020,河北,东部,0.12587136634966897,0.2820478463311055,0.20395960634038723,27.0,0.98
2020,河南,中部,0.13742777412741253,0.27221086406461115,0.20481931909601184,26.0,0.98
2020,浙江,东部,0.19907366794145967,0.38689942670740646,0.2929865473244331,5.0,0.98
2020,海南,东部,0.06679210672451043,0.3296538426939086,0.19822297470920952,28.0,0.98
2020,湖北,中部,0.1299998315628829,0.3117222681854263,0.2208610498741546,23.0,0.98
2020,湖南,中部,0.16123858298136795,0.30213221191232864,0.2316853974468483,19.0,0.98
2020,甘肃,西部,0.10981283616887105,0.25918276568223897,0.184497800925555,30.0,0.98
2020,福建,东部,0.11741752159084727,0.3694147180794083,0.2434161198351278,11.0,0.98
2020,贵州,西部,0.1271153625027546,0.3203139766084194,0.223714669555587,22.0,0.98
2020,辽宁,东北,0.16374140190973235,0.3493402807346143,0.25654084132217336,8.0,0.98
2020,重庆,西部,0.11025460814013215,0.3539309870926563,0.23209279761639423,18.0,0.98
2020,陕西,西部,0.0895594317567718,0.29274864731392497,0.19115403953534837,29.0,0.98
2020,青海,西部,0.07987260964051045,0.3849729552735815,0.23242278245704598,17.0,0.98
2020,黑龙江,东北,0.14813823822540237,0.32895053401907276,0.23854438612223755,13.0,0.98
2021,上海,东部,0.2737861338478159,0.550648630057889,0.41221738195285246,2.0,0.98
2021,云南,西部,0.160139658138265,0.31306399544126556,0.23660182678976527,14.0,0.98
2021,内蒙古,西部,0.1875478974433113,0.3149577465116922,0.25125282197750176,10.0,0.98
2021,北京,东部,0.26091350796326424,0.48423278447982515,0.3725731462215447,3.0,0.98
2021,吉林,东北,0.08645523281280093,0.3340683528299065,0.2102617928213537,24.0,0.98
2021,四川,西部,0.2614884540075421,0.2897028912473691,0.2755956726274556,7.0,0.98
2021,天津,东部,0.06666655707379798,0.4164733763535713,0.24156996671368464,13.0,0.98
2021,宁夏,西部,0.037105537142667115,0.3812038911038766,0.20915471412327186,25.0,0.98
2021,安徽,中部,0.14057563369607165,0.34940555362586606,0.24499059366096887,12.0,0.98
2021,山东,东部,0.24433566774794413,0.318360182354255,0.28134792505109957,6.0,0.98
2021,山西,中部,0.1638152940337862,0.30305258181875666,0.23343393792627143,18.0,0.98
2021,广东,东部,0.5193352329755173,0.4131966012450114,0.4662659171102643,1.0,0.98
2021,广西,西部,0.14070461904843592,0.32576555674378205,0.23323508789610897,19.0,0.98
2021,新疆,西部,0.18655645361798798,0.30798007239839886,0.24726826300819343,11.0,0.98
2021,江苏,东部,0.2896500936739148,0.39083565056348935,0.3402428721187021,4.0,0.98
2021,江西,中部,0.12402364893558686,0.344308438351013,0.23416604364329993,16.0,0.98
2021,河北,东部,0.11844557999061132,0.28230450042220495,0.20037504020640814,28.0,0.98
2021,河南,中部,0.13548391191398848,0.2709157021325175,0.20319980702325297,26.0,0.98
2021,浙江,东部,0.22257397374279644,0.39593778237623434,0.3092558780595154,5.0,0.98
2021,海南,东部,0.06854083725317953,0.33714595727086843,0.202843397262024,27.0,0.98
2021,湖北,中部,0.1466217727377954,0.3116128151400514,0.22911729393892338,22.0,0.98
2021,湖南,中部,0.15677360441676283,0.3076183076944954,0.2321959560556291,20.0,0.98
2021,甘肃,西部,0.11220565872301673,0.2602011990896825,0.1862034289063496,30.0,0.98
2021,福建,东部,0.13575318918444051,0.3747965857324896,0.25527488745846505,8.0,0.98
2021,贵州,西部,0.1270379842768469,0.3209812850257181,0.22400963465128249,23.0,0.98
2021,辽宁,东北,0.15522613483095854,0.3527503800956856,0.2539882574633221,9.0,0.98
2021,重庆,西部,0.10602382927375135,0.3556295487391764,0.2308266890064639,21.0,0.98
2021,陕西,西部,0.09469721794753873,0.29489989466541106,0.19479855630647488,29.0,0.98
2021,青海,西部,0.0823853020646553,0.38549781438566955,0.23394155822516244,17.0,0.98
2021,黑龙江,东北,0.14386179927567236,0.3271488956340364,0.23550534745485435,15.0,0.98
2022,上海,东部,0.2586390808018023,0.5921894352567475,0.4254142580292749,2.0,0.98
2022,云南,西部,0.1664324326510177,0.3236401498011496,0.24503629122608364,14.0,0.98
2022,内蒙古,西部,0.17323614338109355,0.3225944325061947,0.24791528794364412,13.0,0.98
2022,北京,东部,0.2356741138132024,0.51968990971245,0.37768201176282623,3.0,0.98
2022,吉林,东北,0.07551469747529888,0.3472551045166565,0.21138490099597768,26.0,0.98
2022,四川,西部,0.26178968753367016,0.3047499151393448,0.2832698013365075,7.0,0.98
2022,天津,东部,0.07022298964519474,0.43262541853083203,0.25142420408801336,11.0,0.98
2022,宁夏,西部,0.03305396009662599,0.39484675033887634,0.21395035521775116,24.0,0.98
2022,安徽,中部,0.130331966331504,0.36680249519486763,0.24856723076318582,12.0,0.98
2022,山东,东部,0.236125126253417,0.33500270115714426,0.2855639137052806,6.0,0.98
2022,山西,中部,0.11992765427119441,0.31500187994793627,0.21746476710956533,23.0,0.98
2022,广东,东部,0.538573391894515,0.45564737504507535,0.4971103834697952,1.0,0.98
2022,广西,西部,0.12196515720631325,0.3366795435358518,0.2293223503710825,22.0,0.98
2022,新疆,西部,0.19748127761231887,0.32195634612420837,0.2597188118682636,9.0,0.98
2022,江苏,东部,0.3014486095650761,0.4176479945577254,0.35954830206140076,4.0,0.98
2022,江西,中部,0.11246508676812524,0.3547800460578765,0.23362256641300086,19.0,0.98
2022,河北,东部,0.1296074569754379,0.2954514553410209,0.2125294561582294,25.0,0.98
2022,河南,中部,0.14328049918699698,0.2757522465503598,0.20951637286867839,28.0,0.98
2022,浙江,东部,0.211643051536187,0.42743936404786964,0.3195412077920283,5.0,0.98
2022,海南,东部,0.0708201195481512,0.34481680313816054,0.20781846134315587,29.0,0.98
2022,湖北,中部,0.15296105510357494,0.3345368468753962,0.24374895098948557,15.0,0.98
2022,湖南,中部,0.1519983734468327,0.3223029355475982,0.23715065449721545,17.0,0.98
2022,甘肃,西部,0.10561202832022032,0.2697476568950566,0.18767984260763845,30.0,0.98
2022,福建,东部,0.12580793319743327,0.3940364307998484,0.2599221819986408,8.0,0.98
2022,贵州,西部,0.12636242187150107,0.33720990772370996,0.2317861647976055,21.0,0.98
2022,辽宁,东北,0.14264140602345224,0.36576288813617036,0.2542021470798113,10.0,0.98
2022,重庆,西部,0.10256230760626925,0.3759470034699663,0.23925465553811776,16.0,0.98
2022,陕西,西部,0.1086825868655737,0.31178601685796004,0.21023430186176686,27.0,0.98
2022,青海,西部,0.07096392082243419,0.39331495973049396,0.23213944027646408,20.0,0.98
2022,黑龙江,东北,0.1404092986097327,0.3318022767809385,0.23610578769533558,18.0,0.98
2023,上海,东部,0.3596378966419735,0.6300108201347656,0.4948243583883696,2.0,0.98
2023,云南,西部,0.17543981400335165,0.3246842302314362,0.2500620221173939,20.0,0.98
2023,内蒙古,西部,0.19615947109241344,0.3201383777175072,0.2581489244049603,15.0,0.98
2023,北京,东部,0.3092348921471215,0.5501716726249555,0.4297032823860385,3.0,0.98
2023,吉林,东北,0.0997218505287569,0.34920333619123983,0.22446259335999835,25.0,0.98
2023,四川,西部,0.29945473481178886,0.3109613893559369,0.30520806208386286,6.0,0.98
2023,天津,东部,0.08754651562791071,0.4322013733451437,0.25987394448652723,13.0,0.98
2023,宁夏,西部,0.037703974677264336,0.3929672467314195,0.2153356107043419,28.0,0.98
2023,安徽,中部,0.1576682161386999,0.37601411802137935,0.26684116708003963,11.0,0.98
2023,山东,东部,0.2521166698996583,0.34394269639248964,0.298029683146074,7.0,0.98
2023,山西,中部,0.19975263735576923,0.3132200721562898,0.2564863547560295,17.0,0.98
2023,广东,东部,0.6233611561267928,0.49473304773660065,0.5590471019316967,1.0,0.98
2023,广西,西部,0.16178319200865157,0.3404077307933178,0.2510954614009847,19.0,0.98
2023,新疆,西部,0.2214620667505862,0.3188563258427363,0.27015919629666124,9.0,0.98
2023,江苏,东部,0.3436229569915659,0.4391435873102502,0.39138327215090807,4.0,0.98
2023,江西,中部,0.14149234963094745,0.3565333895244177,0.2490128695776826,21.0,0.98
2023,河北,东部,0.13980107512935672,0.3001591149110618,0.21998009502020927,26.0,0.98
2023,河南,中部,0.17507349563382965,0.2792839146995784,0.22717870516670402,24.0,0.98
2023,浙江,东部,0.24671141246094438,0.45149724962158333,0.34910433104126387,5.0,0.98
2023,海南,东部,0.0856734336502185,0.3460400700458097,0.21585675184801412,27.0,0.98
2023,湖北,中部,0.18380800754168242,0.3467635920008494,0.2652857997712659,12.0,0.98
2023,湖南,中部,0.1909354546489811,0.32669637471752727,0.25881591468325416,14.0,0.98
2023,甘肃,西部,0.1178421418162177,0.26834065951240904,0.19309140066431338,30.0,0.98
2023,福建,东部,0.1432533687226506,0.40257844687151045,0.2729159077970805,8.0,0.98
2023,贵州,西部,0.14471461737300792,0.3384758946690541,0.241595256021031,22.0,0.98
2023,辽宁,东北,0.17348545784059255,0.3633673199459395,0.26842638889326603,10.0,0.98
2023,重庆,西部,0.12843840270607787,0.3846110677293436,0.25652473521771074,16.0,0.98
2023,陕西,西部,0.11421653699593946,0.31401887752103375,0.2141177072584866,29.0,0.98
2023,青海,西部,0.0834473607890165,0.39065704412136454,0.2370522024551905,23.0,0.98
2023,黑龙江,东北,0.16963520199478035,0.33298375543601544,0.2513094787153979,18.0,0.98
